Nama,IPK,Skor_Psikologi,Finansial,Status
Mahasiswa1,1.49816047538945,50,1,Bermasalah
Mahasiswa2,3.8028572256396647,70,0,Aman
Mahasiswa3,2.9279757672456204,95,1,Siaga
Mahasiswa4,2.3946339367881464,47,1,Bermasalah
Mahasiswa5,0.6240745617697461,18,1,Bermasalah
Mahasiswa6,0.6239780813448106,5,0,Siaga
Mahasiswa7,0.23233444867279784,83,1,Bermasalah
Mahasiswa8,3.4647045830997407,26,0,Siaga
Mahasiswa9,2.404460046972835,52,1,Bermasalah
Mahasiswa10,2.832290311184182,100,1,Siaga
Mahasiswa11,0.08233797718320979,47,1,Bermasalah
Mahasiswa12,3.8796394086479773,6,1,Bermasalah
Mahasiswa13,3.329770563201687,58,0,Siaga
Mahasiswa14,0.8493564427131046,68,1,Bermasalah
Mahasiswa15,0.7272998688284025,10,1,Bermasalah
Mahasiswa16,0.7336180394137353,14,0,Siaga
Mahasiswa17,1.216968971838151,63,0,Siaga
Mahasiswa18,2.0990257265289514,2,0,Siaga
Mahasiswa19,1.727780074568463,68,1,Bermasalah
Mahasiswa20,1.1649165607921677,22,0,Siaga
Mahasiswa21,2.447411578889518,52,0,Siaga
Mahasiswa22,0.5579754426081673,36,0,Siaga
Mahasiswa23,1.1685785941408726,8,0,Siaga
Mahasiswa24,1.4654473731747668,14,0,Siaga
Mahasiswa25,1.8242799368681437,2,0,Siaga
Mahasiswa26,3.1407038455720544,92,1,Aman
Mahasiswa27,0.7986951286334389,69,0,Siaga
Mahasiswa28,2.0569377536544464,16,1,Bermasalah
Mahasiswa29,2.36965827544817,25,0,Siaga
Mahasiswa30,0.1858016508799909,20,0,Siaga
Mahasiswa31,2.4301794076057535,71,0,Siaga
Mahasiswa32,0.6820964947491661,20,1,Bermasalah
Mahasiswa33,0.26020637194111806,10,0,Siaga
Mahasiswa34,3.795542149013333,37,0,Siaga
Mahasiswa35,3.8625281322982374,71,0,Aman
Mahasiswa36,3.2335893924658445,87,0,Aman
Mahasiswa37,1.2184550766934827,34,1,Bermasalah
Mahasiswa38,0.3906884560255355,13,1,Bermasalah
Mahasiswa39,2.7369321060486276,13,1,Bermasalah
Mahasiswa40,1.7606099749584052,9,1,Bermasalah
Mahasiswa41,0.4881529393791153,11,1,Bermasalah
Mahasiswa42,1.9807076404450807,37,0,Siaga
Mahasiswa43,0.13755408446087358,33,0,Siaga
Mahasiswa44,3.6372816083151283,40,0,Siaga
Mahasiswa45,1.0351199264000677,9,1,Bermasalah
Mahasiswa46,2.650089137415928,16,0,Siaga
Mahasiswa47,1.2468443043576438,16,1,Bermasalah
Mahasiswa48,2.0802720847112433,66,0,Siaga
Mahasiswa49,2.1868411173731186,61,1,Bermasalah
Mahasiswa50,0.7394178221021082,94,0,Siaga
Mahasiswa51,3.8783385110582342,0,0,Siaga
Mahasiswa52,3.100531293444458,11,0,Siaga
Mahasiswa53,3.7579957662567565,3,0,Siaga
Mahasiswa54,3.5793094017105953,41,1,Bermasalah
Mahasiswa55,2.3915999152443406,12,0,Siaga
Mahasiswa56,3.6874969400924673,97,0,Aman
Mahasiswa57,0.353970008207678,84,0,Siaga
Mahasiswa58,0.7839314496765808,85,1,Bermasalah
Mahasiswa59,0.18090915564215226,3,0,Siaga
Mahasiswa60,1.3013213230530574,81,0,Siaga
Mahasiswa61,1.554709158757928,68,0,Siaga
Mahasiswa62,1.0853961270955836,18,0,Siaga
Mahasiswa63,3.3149500366077174,1,0,Siaga
Mahasiswa64,1.4270133067743571,11,1,Bermasalah
Mahasiswa65,1.123738038749523,80,1,Bermasalah
Mahasiswa66,2.170784332632994,73,1,Bermasalah
Mahasiswa67,0.5636968998990506,97,0,Siaga
Mahasiswa68,3.2087879230161587,5,1,Bermasalah
Mahasiswa69,0.2982025747190833,7,0,Siaga
Mahasiswa70,3.947547746402069,50,0,Siaga
Mahasiswa71,3.0889790771866297,10,0,Siaga
Mahasiswa72,0.7948627261366896,62,0,Siaga
Mahasiswa73,0.022088468494409597,56,1,Bermasalah
Mahasiswa74,3.2618457138193366,11,1,Bermasalah
Mahasiswa75,2.8274293753904685,72,1,Siaga
Mahasiswa76,2.9160286721639492,1,0,Siaga
Mahasiswa77,3.085081386743783,7,1,Bermasalah
Mahasiswa78,0.29617860693636144,10,1,Bermasalah
Mahasiswa79,1.4338629141770904,52,0,Siaga
Mahasiswa80,0.46347623810051886,99,1,Bermasalah
Mahasiswa81,3.452413703502374,9,0,Siaga
Mahasiswa82,2.4931925073102317,84,1,Bermasalah
Mahasiswa83,1.3235920994105967,83,1,Bermasalah
Mahasiswa84,0.25423340114409454,7,1,Bermasalah
Mahasiswa85,1.2439292868626488,35,0,Siaga
Mahasiswa86,1.3007332881069882,92,1,Bermasalah
Mahasiswa87,2.9184247133522563,75,1,Siaga
Mahasiswa88,2.5502298854208525,13,1,Bermasalah
Mahasiswa89,3.548850970305306,53,1,Bermasalah
Mahasiswa90,1.8888597006477972,84,0,Siaga
Mahasiswa91,0.4783769837532068,85,0,Siaga
Mahasiswa92,2.85297914889198,20,1,Bermasalah
Mahasiswa93,3.0431401944675898,49,1,Bermasalah
Mahasiswa94,2.245108790277985,93,1,Bermasalah
Mahasiswa95,3.083868719818244,38,0,Siaga
Mahasiswa96,1.975182385457563,19,1,Bermasalah
Mahasiswa97,2.0909313175279762,87,1,Bermasalah
Mahasiswa98,1.7101640734341985,86,0,Siaga
Mahasiswa99,0.10167650697638075,6,0,Siaga
Mahasiswa100,0.4315657079732178,8,0,Siaga
Mahasiswa101,0.125716742746937,0,1,Bermasalah
Mahasiswa102,2.5456416450551216,25,0,Siaga
Mahasiswa103,1.2574239243053067,37,0,Siaga
Mahasiswa104,2.034282764658811,37,1,Bermasalah
Mahasiswa105,3.630265895704372,60,0,Siaga
Mahasiswa106,0.9971689165954998,43,1,Bermasalah
Mahasiswa107,1.641531692142519,85,1,Bermasalah
Mahasiswa108,3.0222045541721947,43,0,Siaga
Mahasiswa109,0.9151926619664899,73,1,Bermasalah
Mahasiswa110,0.30791963931517197,61,0,Siaga
Mahasiswa111,1.159005811655072,5,0,Siaga
Mahasiswa112,0.6448851490160177,16,0,Siaga
Mahasiswa113,3.7187906093702923,50,1,Bermasalah
Mahasiswa114,3.232481518257668,37,0,Siaga
Mahasiswa115,2.533615026041694,23,1,Bermasalah
Mahasiswa116,3.485842360750871,50,1,Bermasalah
Mahasiswa117,3.214688307596458,9,1,Bermasalah
Mahasiswa118,0.7462802355441434,71,0,Siaga
Mahasiswa119,3.570235993959911,20,1,Bermasalah
Mahasiswa120,2.157368967662603,69,1,Bermasalah
Mahasiswa121,3.22976062065625,84,0,Aman
Mahasiswa122,3.584365199693973,56,0,Siaga
Mahasiswa123,1.2720138998874555,38,1,Bermasalah
Mahasiswa124,0.44020769811070704,87,1,Bermasalah
Mahasiswa125,0.9117406501677667,32,0,Siaga
Mahasiswa126,1.7084311545050253,58,1,Bermasalah
Mahasiswa127,3.2720590636899725,17,1,Bermasalah
Mahasiswa128,3.4429223330253738,55,1,Siaga
Mahasiswa129,0.027808522124762813,91,1,Bermasalah
Mahasiswa130,2.042989210310263,56,0,Siaga
Mahasiswa131,1.669644012595116,95,1,Bermasalah
Mahasiswa132,0.888431241882921,75,0,Siaga
Mahasiswa133,0.4794614693347312,47,1,Bermasalah
Mahasiswa134,1.3504606856145118,41,0,Siaga
Mahasiswa135,3.7716388156500766,26,1,Bermasalah
Mahasiswa136,1.292811728083021,73,0,Siaga
Mahasiswa137,2.0751624869734644,51,1,Bermasalah
Mahasiswa138,2.8120758355807114,41,0,Siaga
Mahasiswa139,1.454518409517176,31,1,Bermasalah
Mahasiswa140,3.8871283308838427,25,1,Bermasalah
Mahasiswa141,3.849789179768445,24,0,Siaga
Mahasiswa142,1.0071291833014566,74,0,Siaga
Mahasiswa143,1.9889940235695418,22,0,Siaga
Mahasiswa144,1.2035132392670786,97,0,Siaga
Mahasiswa145,1.1393619775098704,56,0,Siaga
Mahasiswa146,0.14754778941813118,51,1,Bermasalah
Mahasiswa147,2.4382573359195874,86,0,Siaga
Mahasiswa148,2.010716092915446,92,0,Siaga
Mahasiswa149,0.2059150049999574,30,1,Bermasalah
Mahasiswa150,1.1145858569464457,63,0,Siaga
Mahasiswa151,3.633063543866615,70,0,Aman
Mahasiswa152,0.9582475626678897,32,0,Siaga
Mahasiswa153,0.5795794883648924,84,1,Bermasalah
Mahasiswa154,1.957811041110252,1,0,Siaga
Mahasiswa155,3.942601816442403,17,1,Bermasalah
Mahasiswa156,0.9682210860460017,46,1,Bermasalah
Mahasiswa157,2.688542189623514,32,0,Siaga
Mahasiswa158,3.0464784613148703,100,1,Aman
Mahasiswa159,0.9505501759695987,97,0,Siaga
Mahasiswa160,2.9128653944474383,83,0,Siaga
Mahasiswa161,1.471132530877013,34,0,Siaga
Mahasiswa162,2.529223322374318,50,0,Siaga
Mahasiswa163,2.534118843043579,17,0,Siaga
Mahasiswa164,2.143098736299034,87,1,Bermasalah
Mahasiswa165,0.3611590802176332,71,1,Bermasalah
Mahasiswa166,3.341209982356952,29,1,Bermasalah
Mahasiswa167,1.2831202598869433,43,1,Bermasalah
Mahasiswa168,0.7460740415994169,52,0,Siaga
Mahasiswa169,0.16310056621905566,9,0,Siaga
Mahasiswa170,2.3635717727529673,86,1,Bermasalah
Mahasiswa171,2.7102574473691297,51,0,Siaga
Mahasiswa172,0.06635131571142461,48,1,Bermasalah
Mahasiswa173,2.048372233197124,10,1,Bermasalah
Mahasiswa174,0.9059831007917518,65,1,Bermasalah
Mahasiswa175,2.5806911616377994,57,1,Siaga
Mahasiswa176,0.6974657160199658,89,0,Siaga
Mahasiswa177,2.763750952409864,35,0,Siaga
Mahasiswa178,1.5469413852021496,32,1,Bermasalah
Mahasiswa179,3.746919954946938,46,1,Bermasalah
Mahasiswa180,0.550083776583973,12,1,Bermasalah
Mahasiswa181,1.364265404201034,39,1,Bermasalah
Mahasiswa182,0.4538940849623563,88,1,Bermasalah
Mahasiswa183,3.698774473114251,67,0,Siaga
Mahasiswa184,3.509357413523924,41,1,Bermasalah
Mahasiswa185,1.0317665108606224,18,1,Bermasalah
Mahasiswa186,2.639936184136716,81,0,Siaga
Mahasiswa187,3.2688888008048633,100,0,Aman
Mahasiswa188,2.2208032463978493,93,0,Siaga
Mahasiswa189,2.118602313424026,18,0,Siaga
Mahasiswa190,0.9674091636018067,57,0,Siaga
Mahasiswa191,0.37241107122359685,22,0,Siaga
Mahasiswa192,3.588863031813307,53,0,Siaga
Mahasiswa193,3.601672228653322,79,0,Aman
Mahasiswa194,2.5324058290930718,64,0,Aman
Mahasiswa195,1.3561191641948027,11,1,Bermasalah
Mahasiswa196,1.3968382984506436,23,0,Siaga
Mahasiswa197,2.9038227154809575,33,1,Bermasalah
Mahasiswa198,3.5884410398103084,52,1,Bermasalah
Mahasiswa199,3.548345697060469,7,1,Bermasalah
Mahasiswa200,3.1195021834304955,17,1,Bermasalah
Mahasiswa201,2.568126584617151,56,1,Siaga
Mahasiswa202,0.33655985998019533,4,1,Bermasalah
Mahasiswa203,0.6465148563784551,25,1,Bermasalah
Mahasiswa204,3.594216754108317,29,1,Bermasalah
Mahasiswa205,2.4257162386383597,53,0,Siaga
Mahasiswa206,0.03678820646651859,12,1,Bermasalah
Mahasiswa207,0.4058861714641284,82,1,Bermasalah
Mahasiswa208,2.6540070764322232,28,1,Bermasalah
Mahasiswa209,0.020246335384874747,2,1,Bermasalah
Mahasiswa210,0.6432322056699946,89,0,Siaga
Mahasiswa211,2.1949351574663445,57,1,Bermasalah
Mahasiswa212,2.767580790770773,75,0,Siaga
Mahasiswa213,2.607845038010402,1,0,Siaga
Mahasiswa214,0.8970772378422391,74,1,Bermasalah
Mahasiswa215,2.8487168853901434,27,1,Bermasalah
Mahasiswa216,0.9489963499872003,81,0,Siaga
Mahasiswa217,1.301598792637071,76,1,Bermasalah
Mahasiswa218,2.9859656204720966,100,1,Siaga
Mahasiswa219,2.5985315961888587,85,0,Siaga
Mahasiswa220,3.3968936419767117,75,0,Aman
Mahasiswa221,2.6304515692013735,1,1,Bermasalah
Mahasiswa222,2.2732344133418865,100,1,Bermasalah
Mahasiswa223,0.3746990713123699,6,1,Bermasalah
Mahasiswa224,1.470863212237734,25,0,Siaga
Mahasiswa225,1.0608094707269018,89,1,Bermasalah
Mahasiswa226,0.9759585735163343,87,0,Siaga
Mahasiswa227,3.8920422190097823,75,0,Aman
Mahasiswa228,1.5723908986670416,15,1,Bermasalah
Mahasiswa229,3.568186220708453,22,0,Siaga
Mahasiswa230,2.5245545039890516,39,1,Bermasalah
Mahasiswa231,3.1792452141665937,59,1,Siaga
Mahasiswa232,2.0105483724207684,72,0,Siaga
Mahasiswa233,2.3076155385054364,31,1,Bermasalah
Mahasiswa234,1.9700707752754556,14,0,Siaga
Mahasiswa235,0.780971951192178,100,0,Siaga
Mahasiswa236,2.8898084610460213,12,1,Bermasalah
Mahasiswa237,1.1230894497634232,4,1,Bermasalah
Mahasiswa238,0.09726386572581536,74,1,Bermasalah
Mahasiswa239,2.5818891836286713,73,1,Siaga
Mahasiswa240,0.7084427176281958,51,0,Siaga
Mahasiswa241,3.761834337411657,76,0,Aman
Mahasiswa242,3.8157143080103495,40,0,Siaga
Mahasiswa243,3.659457560881794,52,1,Bermasalah
Mahasiswa244,1.4806348010217776,49,0,Siaga
Mahasiswa245,0.061826466115469714,14,0,Siaga
Mahasiswa246,3.7132742503509015,6,1,Bermasalah
Mahasiswa247,1.7127365932692573,39,1,Bermasalah
Mahasiswa248,3.8666192761746783,27,1,Bermasalah
Mahasiswa249,3.8544799083570114,31,0,Siaga
Mahasiswa250,3.4120378218694403,98,1,Aman
Mahasiswa251,1.1777955682783428,14,0,Siaga
Mahasiswa252,1.540390914407701,99,0,Siaga
Mahasiswa253,3.4045466860674276,84,0,Aman
Mahasiswa254,1.2676880206251107,69,0,Siaga
Mahasiswa255,0.67797098674437,64,0,Siaga
Mahasiswa256,2.2272050498334006,3,1,Bermasalah
Mahasiswa257,3.744619096643124,10,0,Siaga
Mahasiswa258,2.784119186699892,25,1,Bermasalah
Mahasiswa259,2.28024468035746,60,0,Siaga
Mahasiswa260,0.38870597508307414,36,0,Siaga
Mahasiswa261,2.460028906796679,22,1,Bermasalah
Mahasiswa262,3.960215400417053,92,0,Aman
Mahasiswa263,0.5603360609460961,84,0,Siaga
Mahasiswa264,2.073318609454947,90,1,Bermasalah
Mahasiswa265,3.5094922877118218,39,1,Bermasalah
Mahasiswa266,2.9630744710168178,76,0,Siaga
Mahasiswa267,2.788062963981072,22,0,Siaga
Mahasiswa268,2.809936335948437,15,0,Siaga
Mahasiswa269,1.4379646048790207,93,1,Bermasalah
Mahasiswa270,1.1743673770579734,60,0,Siaga
Mahasiswa271,3.2374446219140545,67,1,Siaga
Mahasiswa272,3.240453578716723,79,1,Aman
Mahasiswa273,3.468289274320415,30,0,Siaga
Mahasiswa274,3.652962210225885,52,1,Bermasalah
Mahasiswa275,2.045369595443751,24,0,Siaga
Mahasiswa276,2.0060651787487984,43,0,Siaga
Mahasiswa277,3.1931807158671006,11,1,Bermasalah
Mahasiswa278,2.5998557231110606,89,1,Siaga
Mahasiswa279,2.8078675090308134,100,1,Siaga
Mahasiswa280,3.183170677744404,96,1,Aman
Mahasiswa281,3.560021367270265,91,1,Aman
Mahasiswa282,1.3519806274061432,8,1,Bermasalah
Mahasiswa283,1.502331810559776,11,0,Siaga
Mahasiswa284,0.375927759363476,68,0,Siaga
Mahasiswa285,2.313120563984696,53,0,Siaga
Mahasiswa286,0.14376909518696834,53,1,Bermasalah
Mahasiswa287,1.8623920725298406,27,1,Bermasalah
Mahasiswa288,2.1705785388303065,55,1,Bermasalah
Mahasiswa289,1.1461650085131376,98,0,Siaga
Mahasiswa290,2.363333042276043,68,0,Siaga
Mahasiswa291,0.12200099975619771,97,1,Bermasalah
Mahasiswa292,0.14939275499685767,97,1,Bermasalah
Mahasiswa293,3.290402242638633,76,1,Aman
Mahasiswa294,1.4407625656450516,57,1,Bermasalah
Mahasiswa295,0.5082420506075391,77,0,Siaga
Mahasiswa296,2.0889730402192175,74,0,Siaga
Mahasiswa297,3.0799742123944434,41,0,Siaga
Mahasiswa298,0.8632841099873727,37,1,Bermasalah
Mahasiswa299,2.491561903276001,67,0,Siaga
Mahasiswa300,0.341389859975072,52,1,Bermasalah
Mahasiswa301,0.2067268846744308,32,1,Bermasalah
Mahasiswa302,2.125418526272592,70,1,Bermasalah
Mahasiswa303,2.162540486440426,55,0,Siaga
Mahasiswa304,2.549719605992826,71,0,Siaga
Mahasiswa305,2.904365334890646,100,1,Siaga
Mahasiswa306,3.9034083178501384,50,0,Siaga
Mahasiswa307,2.0652013932047812,73,1,Bermasalah
Mahasiswa308,1.2918258917649839,42,1,Bermasalah
Mahasiswa309,3.1807447790748147,14,1,Bermasalah
Mahasiswa310,1.0833290050482969,37,0,Siaga
Mahasiswa311,1.7558856828225444,14,0,Siaga
Mahasiswa312,0.31382552536906383,4,1,Bermasalah
Mahasiswa313,0.10140297366183004,92,0,Siaga
Mahasiswa314,3.8505936587117002,82,0,Aman
Mahasiswa315,3.3439204820488233,53,0,Siaga
Mahasiswa316,2.783896824374792,50,0,Siaga
Mahasiswa317,1.6358117776570795,9,1,Bermasalah
Mahasiswa318,0.6931772802833831,11,0,Siaga
Mahasiswa319,0.6257481706843442,3,1,Bermasalah
Mahasiswa320,1.0009715926583813,94,1,Bermasalah
Mahasiswa321,2.196906658824482,17,0,Siaga
Mahasiswa322,2.8583836908002493,79,1,Siaga
Mahasiswa323,2.640789506870925,35,1,Bermasalah
Mahasiswa324,1.1197355877837714,24,0,Siaga
Mahasiswa325,3.8194611226527764,86,1,Aman
Mahasiswa326,2.951587666783074,75,1,Siaga
Mahasiswa327,2.2174162100456027,97,0,Siaga
Mahasiswa328,2.446882984937409,35,0,Siaga
Mahasiswa329,1.6784002497111596,100,0,Siaga
Mahasiswa330,0.9909239580046298,66,0,Siaga
Mahasiswa331,1.4238907146050463,8,0,Siaga
Mahasiswa332,3.0313844418574765,60,1,Siaga
Mahasiswa333,0.057573954519023474,52,1,Bermasalah
Mahasiswa334,0.46429056202766494,17,0,Siaga
Mahasiswa335,0.184010568087011,42,0,Siaga
Mahasiswa336,0.16291520927588055,34,1,Bermasalah
Mahasiswa337,3.421842336044029,62,0,Siaga
Mahasiswa338,2.8146314375200947,97,0,Siaga
Mahasiswa339,1.8966953163493008,77,1,Bermasalah
Mahasiswa340,0.3913366426040059,3,1,Bermasalah
Mahasiswa341,1.9664635004673294,92,1,Bermasalah
Mahasiswa342,1.8938870831222627,40,0,Siaga
Mahasiswa343,0.6928074796400607,44,1,Bermasalah
Mahasiswa344,1.7354065969518921,49,0,Siaga
Mahasiswa345,1.5940189375894938,78,1,Bermasalah
Mahasiswa346,2.463400392208866,27,0,Siaga
Mahasiswa347,2.540374603470575,41,0,Siaga
Mahasiswa348,0.18121603908817807,79,0,Siaga
Mahasiswa349,1.4984504585058849,75,1,Bermasalah
Mahasiswa350,2.5034396628569455,68,1,Siaga
Mahasiswa351,2.012545034320351,97,1,Bermasalah
Mahasiswa352,3.425959364753289,0,0,Siaga
Mahasiswa353,2.63477452647578,38,1,Bermasalah
Mahasiswa354,0.6517377083257188,95,1,Bermasalah
Mahasiswa355,0.2822749896017194,89,0,Siaga
Mahasiswa356,2.5696771128252625,16,0,Siaga
Mahasiswa357,0.10604524216648725,90,1,Bermasalah
Mahasiswa358,2.343102325093853,87,1,Bermasalah
Mahasiswa359,3.7609209656998304,34,1,Bermasalah
Mahasiswa360,2.301896711503516,45,0,Siaga
Mahasiswa361,1.5526797048260876,41,1,Bermasalah
Mahasiswa362,2.5731528737694127,38,0,Siaga
Mahasiswa363,1.8330115619660665,89,0,Siaga
Mahasiswa364,2.1824671572637397,48,1,Bermasalah
Mahasiswa365,3.7658592351061007,61,1,Siaga
Mahasiswa366,1.544410551203097,37,0,Siaga
Mahasiswa367,3.844762255295657,22,0,Siaga
Mahasiswa368,3.621402567824255,21,1,Bermasalah
Mahasiswa369,0.7831645391571858,3,1,Bermasalah
Mahasiswa370,0.2774452035006618,48,1,Bermasalah
Mahasiswa371,0.4031120055097066,58,0,Siaga
Mahasiswa372,0.07288730260619891,72,0,Siaga
Mahasiswa373,0.3777718430237136,67,1,Bermasalah
Mahasiswa374,2.7320270936654274,70,0,Siaga
Mahasiswa375,0.28475459384091595,86,0,Siaga
Mahasiswa376,1.2759025211750452,1,1,Bermasalah
Mahasiswa377,3.3795012438778183,48,0,Siaga
Mahasiswa378,0.09308774294330346,87,1,Bermasalah
Mahasiswa379,3.257873930355743,94,1,Aman
Mahasiswa380,1.1274190990935997,30,0,Siaga
Mahasiswa381,0.472659310486625,39,0,Siaga
Mahasiswa382,2.7869486614566026,47,1,Bermasalah
Mahasiswa383,2.515771387119536,50,0,Siaga
Mahasiswa384,3.509888054108212,42,1,Bermasalah
Mahasiswa385,2.940284175215543,97,0,Siaga
Mahasiswa386,3.2139237215393943,54,0,Siaga
Mahasiswa387,1.128138290285226,87,0,Siaga
Mahasiswa388,0.7097581751188913,48,1,Bermasalah
Mahasiswa389,3.0024590065634333,89,0,Aman
Mahasiswa390,3.227338957069056,79,1,Aman
Mahasiswa391,3.962020568002693,56,1,Siaga
Mahasiswa392,1.650470707645706,76,1,Bermasalah
Mahasiswa393,1.4880723431711327,14,0,Siaga
Mahasiswa394,3.1056518429679874,26,1,Bermasalah
Mahasiswa395,1.3632141610120714,67,1,Bermasalah
Mahasiswa396,3.723029302414259,79,0,Aman
Mahasiswa397,3.433651007372047,63,1,Siaga
Mahasiswa398,1.7159761095000734,93,1,Bermasalah
Mahasiswa399,3.0034842711659895,29,0,Siaga
Mahasiswa400,3.0181714963387294,35,1,Bermasalah
Mahasiswa401,0.41249547534373043,66,0,Siaga
Mahasiswa402,3.6102116267182667,85,1,Aman
Mahasiswa403,2.0210094897914286,85,1,Bermasalah
Mahasiswa404,3.3058298644309665,48,0,Siaga
Mahasiswa405,1.280198404122447,75,1,Bermasalah
Mahasiswa406,3.582092913984802,54,1,Bermasalah
Mahasiswa407,1.5568067149366525,84,1,Bermasalah
Mahasiswa408,0.04335060592119344,55,0,Siaga
Mahasiswa409,3.6215279056770546,67,0,Siaga
Mahasiswa410,0.36514670714453423,94,0,Siaga
Mahasiswa411,1.2772545503616595,43,0,Siaga
Mahasiswa412,3.8002478682032197,30,0,Siaga
Mahasiswa413,3.8024285877502244,57,1,Siaga
Mahasiswa414,2.2937515524931444,86,0,Siaga
Mahasiswa415,2.527348848679197,52,0,Siaga
Mahasiswa416,1.793782087913279,83,0,Siaga
Mahasiswa417,1.1728430867922581,78,1,Bermasalah
Mahasiswa418,1.3146581814796638,22,1,Bermasalah
Mahasiswa419,2.6900738243081537,27,0,Siaga
Mahasiswa420,3.00949811775072,15,1,Bermasalah
Mahasiswa421,3.166316174903394,36,1,Bermasalah
Mahasiswa422,3.1584725711782156,20,1,Bermasalah
Mahasiswa423,0.36482441219476147,78,1,Bermasalah
Mahasiswa424,1.9776812188103259,16,0,Siaga
Mahasiswa425,0.23023504006657713,36,0,Siaga
Mahasiswa426,2.198115529294942,76,1,Bermasalah
Mahasiswa427,1.766122005493508,18,1,Bermasalah
Mahasiswa428,3.550816731033199,29,1,Bermasalah
Mahasiswa429,1.4036600502083147,44,1,Bermasalah
Mahasiswa430,0.46826806571042345,17,0,Siaga
Mahasiswa431,0.5719667282113434,77,1,Bermasalah
Mahasiswa432,3.046042526869889,61,0,Siaga
Mahasiswa433,2.4728722532650442,35,1,Bermasalah
Mahasiswa434,0.404490704491161,99,0,Siaga
Mahasiswa435,0.33642722445998974,83,1,Bermasalah
Mahasiswa436,2.80387652583648,51,0,Siaga
Mahasiswa437,0.2910520254567741,18,0,Siaga
Mahasiswa438,3.287440237161425,43,0,Siaga
Mahasiswa439,2.824968908625985,6,1,Bermasalah
Mahasiswa440,0.32539512256759906,43,0,Siaga
Mahasiswa441,0.33935085634076767,67,1,Bermasalah
Mahasiswa442,3.946558314004702,33,0,Siaga
Mahasiswa443,1.4970831830244813,65,0,Siaga
Mahasiswa444,1.4825685882675637,68,1,Bermasalah
Mahasiswa445,3.2511982690300103,54,0,Siaga
Mahasiswa446,3.788994309535435,9,1,Bermasalah
Mahasiswa447,3.9440042552914836,95,1,Aman
Mahasiswa448,3.0135127410357665,41,1,Bermasalah
Mahasiswa449,1.505038342123663,40,1,Bermasalah
Mahasiswa450,0.33400286679467506,76,0,Siaga
Mahasiswa451,3.108587663709747,68,0,Siaga
Mahasiswa452,2.23361699894322,9,1,Bermasalah
Mahasiswa453,1.6968880369879051,9,0,Siaga
Mahasiswa454,3.625417540378944,90,0,Aman
Mahasiswa455,0.44478992922460536,59,1,Bermasalah
Mahasiswa456,1.9705004171634366,50,0,Siaga
Mahasiswa457,0.045414579069676275,20,1,Bermasalah
Mahasiswa458,1.874642567976505,7,0,Siaga
Mahasiswa459,0.2252131027273494,64,0,Siaga
Mahasiswa460,0.4752716650722877,91,1,Bermasalah
Mahasiswa461,0.4701049871084195,77,0,Siaga
Mahasiswa462,2.5968412084642543,84,0,Siaga
Mahasiswa463,2.984179517061693,29,1,Bermasalah
Mahasiswa464,2.3334750603886385,84,0,Siaga
Mahasiswa465,3.8486901938981677,48,1,Bermasalah
Mahasiswa466,1.4994823180948162,8,0,Siaga
Mahasiswa467,1.142848345127443,16,1,Bermasalah
Mahasiswa468,3.474396512757841,68,1,Siaga
Mahasiswa469,0.8943833540778106,57,1,Bermasalah
Mahasiswa470,3.8528901577624453,56,1,Siaga
Mahasiswa471,0.048617898759265366,61,1,Bermasalah
Mahasiswa472,3.879515306830556,94,0,Aman
Mahasiswa473,0.17263964780230445,51,0,Siaga
Mahasiswa474,3.5645724547922844,60,1,Siaga
Mahasiswa475,2.1108044363451994,39,0,Siaga
Mahasiswa476,3.9718591844772013,37,1,Bermasalah
Mahasiswa477,0.29518625894159545,42,0,Siaga
Mahasiswa478,2.215417137605283,62,0,Siaga
Mahasiswa479,3.877210142476396,18,1,Bermasalah
Mahasiswa480,2.0923913766805953,99,1,Bermasalah
Mahasiswa481,2.51759455254105,49,0,Siaga
Mahasiswa482,2.7829947559384687,32,0,Siaga
Mahasiswa483,1.818164259071093,12,1,Bermasalah
Mahasiswa484,2.5102323203362538,77,0,Siaga
Mahasiswa485,2.337257247692401,96,0,Siaga
Mahasiswa486,3.604632041963956,61,1,Siaga
Mahasiswa487,0.18178552136583148,92,0,Siaga
Mahasiswa488,1.1238527583689213,42,1,Bermasalah
Mahasiswa489,3.801645936306235,48,1,Bermasalah
Mahasiswa490,3.5610551355636653,35,1,Bermasalah
Mahasiswa491,1.8226270111428517,9,0,Siaga
Mahasiswa492,2.480530391206147,94,0,Siaga
Mahasiswa493,1.1095247319245307,5,1,Bermasalah
Mahasiswa494,0.7524846388950452,56,1,Bermasalah
Mahasiswa495,1.8547936197599286,0,0,Siaga
Mahasiswa496,1.4134089121042113,70,0,Siaga
Mahasiswa497,2.3346244474034883,57,0,Siaga
Mahasiswa498,0.31093854785993935,90,1,Bermasalah
Mahasiswa499,3.897579230664666,20,1,Bermasalah
Mahasiswa500,3.9448429779184115,91,0,Aman
Mahasiswa501,2.7926468560789806,79,0,Siaga
Mahasiswa502,2.1443854653764816,55,0,Siaga
Mahasiswa503,1.238110465145311,86,1,Bermasalah
Mahasiswa504,3.2551800788277947,19,1,Bermasalah
Mahasiswa505,2.738924690215517,53,0,Siaga
Mahasiswa506,0.6504677573795652,24,0,Siaga
Mahasiswa507,3.64370873797537,27,1,Bermasalah
Mahasiswa508,3.290148971692676,4,1,Bermasalah
Mahasiswa509,3.799199653167696,20,0,Siaga
Mahasiswa510,2.90287803355344,17,0,Siaga
Mahasiswa511,2.4536607837431594,46,0,Siaga
Mahasiswa512,1.6729721451624755,69,1,Bermasalah
Mahasiswa513,3.730913933416053,56,0,Siaga
Mahasiswa514,3.4642555580016334,92,1,Aman
Mahasiswa515,0.18087468042475763,18,1,Bermasalah
Mahasiswa516,0.10546789798900802,96,0,Siaga
Mahasiswa517,1.5058534675121984,64,0,Siaga
Mahasiswa518,3.2422133231273316,2,1,Bermasalah
Mahasiswa519,3.949104517259778,41,0,Siaga
Mahasiswa520,0.6016675644141127,20,1,Bermasalah
Mahasiswa521,2.3765228614085405,98,0,Siaga
Mahasiswa522,1.523563426524086,39,0,Siaga
Mahasiswa523,3.879657591258413,66,0,Siaga
Mahasiswa524,3.3684756925428347,24,0,Siaga
Mahasiswa525,3.3533148188445514,54,1,Bermasalah
Mahasiswa526,1.8747726391798811,83,1,Bermasalah
Mahasiswa527,1.6592780093506607,51,1,Bermasalah
Mahasiswa528,1.093628287722825,43,0,Siaga
Mahasiswa529,0.22550198660370846,97,1,Bermasalah
Mahasiswa530,3.458889505020213,84,1,Aman
Mahasiswa531,3.2516040365203103,55,1,Siaga
Mahasiswa532,3.9988706931445224,54,0,Siaga
Mahasiswa533,3.9865473482956215,86,1,Aman
Mahasiswa534,2.22172682241051,69,0,Siaga
Mahasiswa535,3.075949660722042,76,0,Aman
Mahasiswa536,3.779062919529712,86,1,Aman
Mahasiswa537,3.398589562709646,72,0,Aman
Mahasiswa538,0.9893924069727906,80,1,Bermasalah
Mahasiswa539,1.802176541240374,65,1,Bermasalah
Mahasiswa540,0.5166376606059799,18,1,Bermasalah
Mahasiswa541,3.8162041090348895,82,1,Aman
Mahasiswa542,2.42469853780352,6,1,Bermasalah
Mahasiswa543,0.9145712220138509,62,0,Siaga
Mahasiswa544,2.686802737623427,41,1,Bermasalah
Mahasiswa545,2.4725129618315833,41,0,Siaga
Mahasiswa546,1.432650872131362,58,1,Bermasalah
Mahasiswa547,0.4542303687985161,19,1,Bermasalah
Mahasiswa548,2.6862927823711984,72,1,Siaga
Mahasiswa549,2.081230803615173,16,0,Siaga
Mahasiswa550,3.0892735669425573,26,0,Siaga
Mahasiswa551,2.0806540044479735,46,0,Siaga
Mahasiswa552,3.4087260012741605,1,0,Siaga
Mahasiswa553,2.207627355097942,62,1,Bermasalah
Mahasiswa554,2.243751886141545,61,1,Bermasalah
Mahasiswa555,3.50661441063338,99,0,Aman
Mahasiswa556,1.6139314648495882,18,0,Siaga
Mahasiswa557,0.5360609138025629,16,0,Siaga
Mahasiswa558,0.11513070525335589,68,1,Bermasalah
Mahasiswa559,3.020549022694476,38,0,Siaga
Mahasiswa560,2.4812382054138586,81,0,Siaga
Mahasiswa561,2.8163190723968943,70,1,Siaga
Mahasiswa562,0.8518566460356429,80,0,Siaga
Mahasiswa563,0.545485902347079,38,1,Bermasalah
Mahasiswa564,0.058178662671527714,35,1,Bermasalah
Mahasiswa565,1.402350235226388,39,1,Bermasalah
Mahasiswa566,2.3596707474185323,44,1,Bermasalah
Mahasiswa567,1.5689761803989293,3,1,Bermasalah
Mahasiswa568,1.7498996880949163,24,0,Siaga
Mahasiswa569,3.6166347779749937,68,0,Siaga
Mahasiswa570,1.3930218680932014,29,1,Bermasalah
Mahasiswa571,2.055957956639243,75,1,Bermasalah
Mahasiswa572,3.1346120509645723,67,0,Siaga
Mahasiswa573,1.5861711292850806,87,0,Siaga
Mahasiswa574,2.488346800911494,28,1,Bermasalah
Mahasiswa575,3.4494548349869807,72,0,Aman
Mahasiswa576,3.7980824946305685,67,0,Siaga
Mahasiswa577,0.5882939237161517,50,1,Bermasalah
Mahasiswa578,3.7063505006459776,23,0,Siaga
Mahasiswa579,1.9684651723181528,13,0,Siaga
Mahasiswa580,1.0329775531958334,68,0,Siaga
Mahasiswa581,1.8365430249530452,17,0,Siaga
Mahasiswa582,3.920130301141908,41,1,Bermasalah
Mahasiswa583,1.9704723759714784,56,0,Siaga
Mahasiswa584,1.3150064411500328,82,1,Bermasalah
Mahasiswa585,2.533603417266903,11,0,Siaga
Mahasiswa586,0.9605824751127723,81,1,Bermasalah
Mahasiswa587,0.3034533124346557,16,1,Bermasalah
Mahasiswa588,0.5155188876425969,29,0,Siaga
Mahasiswa589,0.5121833558310898,87,1,Bermasalah
Mahasiswa590,0.6076107740491774,74,1,Bermasalah
Mahasiswa591,0.5553086905976405,98,1,Bermasalah
Mahasiswa592,2.5634989792128584,22,1,Bermasalah
Mahasiswa593,0.7275203375965793,80,1,Bermasalah
Mahasiswa594,1.3826691332954528,0,0,Siaga
Mahasiswa595,3.5871536396240473,78,1,Aman
Mahasiswa596,1.8958465610514894,31,1,Bermasalah
Mahasiswa597,2.6702309540841087,8,0,Siaga
Mahasiswa598,0.6892794848065193,14,0,Siaga
Mahasiswa599,0.7691560752346831,27,1,Bermasalah
Mahasiswa600,0.16347446506591545,23,0,Siaga
Mahasiswa601,0.6757402522886582,59,0,Siaga
Mahasiswa602,1.1143613561278345,34,0,Siaga
Mahasiswa603,0.7080419371069873,85,0,Siaga
Mahasiswa604,0.35481013502822245,26,0,Siaga
Mahasiswa605,0.48254348440240324,82,0,Siaga
Mahasiswa606,1.843115072130903,75,1,Bermasalah
Mahasiswa607,0.82533487362317,19,1,Bermasalah
Mahasiswa608,1.4570794441923018,64,0,Siaga
Mahasiswa609,2.0136690834194275,84,0,Siaga
Mahasiswa610,2.761579314517461,48,1,Bermasalah
Mahasiswa611,0.15724855936439575,0,0,Siaga
Mahasiswa612,3.1976415956361706,9,1,Bermasalah
Mahasiswa613,2.511601557963631,46,0,Siaga
Mahasiswa614,0.32703612779548763,58,1,Bermasalah
Mahasiswa615,3.494314496427109,95,1,Aman
Mahasiswa616,3.6834896021272527,61,0,Siaga
Mahasiswa617,0.244311839419455,85,0,Siaga
Mahasiswa618,1.107510592588815,17,0,Siaga
Mahasiswa619,3.2248051191722453,45,0,Siaga
Mahasiswa620,2.9930387615346334,31,1,Bermasalah
Mahasiswa621,0.7380840774255093,26,0,Siaga
Mahasiswa622,0.8373972933468412,91,1,Bermasalah
Mahasiswa623,1.481888411165528,17,0,Siaga
Mahasiswa624,1.9380919407640853,38,1,Bermasalah
Mahasiswa625,2.473019086121184,48,0,Siaga
Mahasiswa626,1.4756545582790896,92,0,Siaga
Mahasiswa627,1.8501388645325916,81,1,Bermasalah
Mahasiswa628,2.989883752535026,43,0,Siaga
Mahasiswa629,0.1467328115623916,71,0,Siaga
Mahasiswa630,1.009747777376083,53,0,Siaga
Mahasiswa631,2.8533983435382098,94,0,Siaga
Mahasiswa632,3.5808273507487973,33,0,Siaga
Mahasiswa633,2.0467097684626645,70,1,Bermasalah
Mahasiswa634,2.1284539410612626,35,0,Siaga
Mahasiswa635,0.4286880453591042,17,1,Bermasalah
Mahasiswa636,1.7896494672938186,37,0,Siaga
Mahasiswa637,2.1304690658200927,58,0,Siaga
Mahasiswa638,0.9698820145389186,8,1,Bermasalah
Mahasiswa639,1.0769729237975239,72,1,Bermasalah
Mahasiswa640,1.5091366524184906,71,1,Bermasalah
Mahasiswa641,0.08028479111090547,50,1,Bermasalah
Mahasiswa642,1.2883166623327131,34,1,Bermasalah
Mahasiswa643,0.8457920279861786,81,0,Siaga
Mahasiswa644,1.3099894087116586,4,1,Bermasalah
Mahasiswa645,0.47904852727700487,13,1,Bermasalah
Mahasiswa646,3.56210912295958,91,0,Aman
Mahasiswa647,2.3743698142161946,29,0,Siaga
Mahasiswa648,2.7164092765779584,3,1,Bermasalah
Mahasiswa649,3.156684954429353,38,1,Bermasalah
Mahasiswa650,1.9937687957162291,83,1,Bermasalah
Mahasiswa651,0.34768115234969477,63,0,Siaga
Mahasiswa652,2.148426167274191,24,1,Bermasalah
Mahasiswa653,2.3473644720835165,27,0,Siaga
Mahasiswa654,2.98175789673732,75,0,Siaga
Mahasiswa655,1.7266381849187176,65,0,Siaga
Mahasiswa656,0.510321211182255,77,0,Siaga
Mahasiswa657,1.1351036231948979,21,1,Bermasalah
Mahasiswa658,1.4523291855945404,30,0,Siaga
Mahasiswa659,2.583668965326405,22,0,Siaga
Mahasiswa660,2.2831132186756475,47,1,Bermasalah
Mahasiswa661,1.424386903591385,19,0,Siaga
Mahasiswa662,3.9460609951719188,37,1,Bermasalah
Mahasiswa663,2.4230992774275486,54,0,Siaga
Mahasiswa664,0.9489071669439779,67,1,Bermasalah
Mahasiswa665,0.40712989048161496,78,0,Siaga
Mahasiswa666,0.6114365567373281,87,0,Siaga
Mahasiswa667,0.9838309135380325,88,1,Bermasalah
Mahasiswa668,0.6427254930382227,0,0,Siaga
Mahasiswa669,0.746268096205223,6,0,Siaga
Mahasiswa670,1.1403806747753884,56,1,Bermasalah
Mahasiswa671,0.6934943811790193,94,0,Siaga
Mahasiswa672,3.5870616985057007,11,0,Siaga
Mahasiswa673,0.32093498264656883,4,1,Bermasalah
Mahasiswa674,2.0980455582810187,49,1,Bermasalah
Mahasiswa675,1.641587307958646,41,1,Bermasalah
Mahasiswa676,3.9295144676344256,11,1,Bermasalah
Mahasiswa677,0.4481556086722094,17,1,Bermasalah
Mahasiswa678,1.5914223961829665,65,0,Siaga
Mahasiswa679,3.8778817331014754,73,1,Aman
Mahasiswa680,3.462028503575921,78,0,Aman
Mahasiswa681,3.2682882837971197,93,1,Aman
Mahasiswa682,1.0316113081797593,16,0,Siaga
Mahasiswa683,0.6835503495602633,67,0,Siaga
Mahasiswa684,2.674572879697724,70,1,Siaga
Mahasiswa685,3.717503956510343,61,0,Siaga
Mahasiswa686,2.227051572055719,40,0,Siaga
Mahasiswa687,2.2864507578795994,94,1,Bermasalah
Mahasiswa688,1.1199163746411367,33,1,Bermasalah
Mahasiswa689,3.0779717327677476,69,1,Siaga
Mahasiswa690,0.7481749942300935,44,1,Bermasalah
Mahasiswa691,1.2947169456169747,57,0,Siaga
Mahasiswa692,1.7017457544656671,50,0,Siaga
Mahasiswa693,2.03044151473782,33,0,Siaga
Mahasiswa694,0.969638929660321,43,0,Siaga
Mahasiswa695,0.45934729895681414,14,0,Siaga
Mahasiswa696,2.4424801697665304,77,0,Siaga
Mahasiswa697,1.154522212961023,69,1,Bermasalah
Mahasiswa698,2.324952885690449,49,0,Siaga
Mahasiswa699,0.6174508610968092,100,0,Siaga
Mahasiswa700,1.92456040741927,31,0,Siaga
Mahasiswa701,2.1303577302063434,66,1,Bermasalah
Mahasiswa702,0.20729414728970763,2,1,Bermasalah
Mahasiswa703,1.3464171127756823,85,1,Bermasalah
Mahasiswa704,0.537658707755897,85,1,Bermasalah
Mahasiswa705,0.253499881891071,73,0,Siaga
Mahasiswa706,3.959840929559781,50,0,Siaga
Mahasiswa707,1.2894153798988919,66,0,Siaga
Mahasiswa708,3.2394977834185394,75,1,Aman
Mahasiswa709,1.0185626190550554,92,0,Siaga
Mahasiswa710,2.726010888895717,47,0,Siaga
Mahasiswa711,3.040911439558746,16,0,Siaga
Mahasiswa712,2.382554962431377,6,1,Bermasalah
Mahasiswa713,1.8863047542006335,12,1,Bermasalah
Mahasiswa714,1.6473636565890741,65,1,Bermasalah
Mahasiswa715,1.3954730661719812,3,0,Siaga
Mahasiswa716,3.7181165769913034,9,0,Siaga
Mahasiswa717,3.3224776311509165,87,0,Aman
Mahasiswa718,3.8601076426660503,16,0,Siaga
Mahasiswa719,0.4971888939421789,51,1,Bermasalah
Mahasiswa720,2.923469900814577,5,0,Siaga
Mahasiswa721,3.7533618272841514,82,1,Aman
Mahasiswa722,0.7249322646626406,68,0,Siaga
Mahasiswa723,0.26598506946711,95,1,Bermasalah
Mahasiswa724,2.964482597160236,73,0,Siaga
Mahasiswa725,2.2978924527196476,8,0,Siaga
Mahasiswa726,3.3673151070330882,90,1,Aman
Mahasiswa727,0.559089506505158,76,1,Bermasalah
Mahasiswa728,3.1810692474395608,82,0,Aman
Mahasiswa729,0.8065092801909781,20,0,Siaga
Mahasiswa730,0.654623771462818,23,0,Siaga
Mahasiswa731,0.6570631917239718,3,1,Bermasalah
Mahasiswa732,3.2582988809255284,23,0,Siaga
Mahasiswa733,2.6607888827848005,58,1,Siaga
Mahasiswa734,2.0922616990764773,98,0,Siaga
Mahasiswa735,1.43532193649401,2,0,Siaga
Mahasiswa736,3.508802163252433,67,0,Siaga
Mahasiswa737,1.5697804296905415,100,0,Siaga
Mahasiswa738,3.2663977578863084,39,1,Bermasalah
Mahasiswa739,1.7565396342808737,47,1,Bermasalah
Mahasiswa740,1.5077777176996303,53,0,Siaga
Mahasiswa741,1.8507191426784257,34,0,Siaga
Mahasiswa742,1.2055114966565683,94,0,Siaga
Mahasiswa743,2.9904375207050045,55,1,Siaga
Mahasiswa744,2.0108815603699166,88,0,Siaga
Mahasiswa745,0.9288507805872692,39,1,Bermasalah
Mahasiswa746,3.598298293098274,76,1,Aman
Mahasiswa747,1.5355648854928456,67,1,Bermasalah
Mahasiswa748,2.1742114444559544,45,1,Bermasalah
Mahasiswa749,3.6258884438581878,77,0,Aman
Mahasiswa750,2.4969519836559684,12,0,Siaga
Mahasiswa751,0.4675921628334563,26,1,Bermasalah
Mahasiswa752,3.7593284944539005,5,0,Siaga
Mahasiswa753,2.5108322122856714,16,0,Siaga
Mahasiswa754,1.3396224586283445,35,0,Siaga
Mahasiswa755,0.557088290653549,98,1,Bermasalah
Mahasiswa756,3.176100757081184,80,0,Aman
Mahasiswa757,2.480291023714054,1,0,Siaga
Mahasiswa758,2.133844367905286,76,0,Siaga
Mahasiswa759,3.5755703322038306,51,0,Siaga
Mahasiswa760,3.154388844898123,65,0,Siaga
Mahasiswa761,0.6066995189310047,51,0,Siaga
Mahasiswa762,1.246888271182193,91,0,Siaga
Mahasiswa763,0.993956559257863,42,0,Siaga
Mahasiswa764,2.975785170290708,89,0,Siaga
Mahasiswa765,0.13412973894311753,21,0,Siaga
Mahasiswa766,2.279558739485266,54,1,Bermasalah
Mahasiswa767,3.049834742962762,66,0,Siaga
Mahasiswa768,3.507062547046998,98,1,Aman
Mahasiswa769,1.3683269948636299,59,0,Siaga
Mahasiswa770,3.2850292186880514,57,1,Siaga
Mahasiswa771,0.4425269478208289,11,1,Bermasalah
Mahasiswa772,3.3858091669380728,87,0,Aman
Mahasiswa773,0.5099546493279297,68,1,Bermasalah
Mahasiswa774,1.589149162241469,83,1,Bermasalah
Mahasiswa775,3.1891814631182145,38,1,Bermasalah
Mahasiswa776,0.5996697093950951,12,0,Siaga
Mahasiswa777,0.9170055809305659,40,1,Bermasalah
Mahasiswa778,2.889010273572265,56,1,Siaga
Mahasiswa779,2.8801461461842974,52,0,Siaga
Mahasiswa780,2.564590531541189,11,1,Bermasalah
Mahasiswa781,2.7757937778684,12,1,Bermasalah
Mahasiswa782,2.1708977733903847,73,1,Bermasalah
Mahasiswa783,1.007196235627811,96,0,Siaga
Mahasiswa784,1.3827839740156778,56,1,Bermasalah
Mahasiswa785,0.7263908672057027,39,0,Siaga
Mahasiswa786,3.6338022453345133,79,1,Aman
Mahasiswa787,2.333567179064482,44,1,Bermasalah
Mahasiswa788,1.6034056670545596,34,1,Bermasalah
Mahasiswa789,1.8480232145765307,2,1,Bermasalah
Mahasiswa790,3.7891333584472613,4,0,Siaga
Mahasiswa791,0.6134056124643208,89,1,Bermasalah
Mahasiswa792,2.344919328067189,10,0,Siaga
Mahasiswa793,2.023554715537864,70,1,Bermasalah
Mahasiswa794,2.4458169417385913,55,0,Siaga
Mahasiswa795,0.07244073528336203,9,1,Bermasalah
Mahasiswa796,3.488495635776606,33,1,Bermasalah
Mahasiswa797,3.7284731299344496,66,0,Siaga
Mahasiswa798,2.2605327343568358,71,0,Siaga
Mahasiswa799,2.786603295507569,30,0,Siaga
Mahasiswa800,3.6899975247091827,74,0,Aman
Mahasiswa801,2.8289545372535945,70,1,Siaga
Mahasiswa802,0.6101561716570454,65,0,Siaga
Mahasiswa803,2.3051534406672527,69,0,Siaga
Mahasiswa804,2.4268601855314236,40,0,Siaga
Mahasiswa805,1.696522685209544,62,1,Bermasalah
Mahasiswa806,2.9457769424988913,31,1,Bermasalah
Mahasiswa807,3.7374680590760594,19,1,Bermasalah
Mahasiswa808,3.7022740516271053,56,1,Siaga
Mahasiswa809,1.8033574856165284,97,0,Siaga
Mahasiswa810,0.452952183363021,49,1,Bermasalah
Mahasiswa811,3.9393647958493383,79,0,Aman
Mahasiswa812,3.3555923457837364,24,1,Bermasalah
Mahasiswa813,0.4986507248130674,11,0,Siaga
Mahasiswa814,3.6833675304694893,70,0,Aman
Mahasiswa815,3.479585448248513,38,0,Siaga
Mahasiswa816,2.0753522285042885,16,0,Siaga
Mahasiswa817,2.365101742979717,44,0,Siaga
Mahasiswa818,1.596010815480521,10,1,Bermasalah
Mahasiswa819,0.21904655528812533,69,0,Siaga
Mahasiswa820,1.3407889665836037,22,0,Siaga
Mahasiswa821,3.2114137943920458,90,0,Aman
Mahasiswa822,0.018528092018411435,69,0,Siaga
Mahasiswa823,1.3339966867645767,37,1,Bermasalah
Mahasiswa824,1.5926747743637732,1,1,Bermasalah
Mahasiswa825,2.1495824117516915,85,0,Siaga
Mahasiswa826,3.679422465651042,83,0,Aman
Mahasiswa827,1.385383977463845,88,0,Siaga
Mahasiswa828,1.3878128075849108,78,0,Siaga
Mahasiswa829,2.9500049924389935,92,1,Siaga
Mahasiswa830,1.8088717635592286,71,1,Bermasalah
Mahasiswa831,0.8984192917599279,36,0,Siaga
Mahasiswa832,1.8097580645307736,48,0,Siaga
Mahasiswa833,0.5634280815191994,51,0,Siaga
Mahasiswa834,0.7055479460248932,32,0,Siaga
Mahasiswa835,1.993471090957919,21,0,Siaga
Mahasiswa836,1.6757017980181916,4,1,Bermasalah
Mahasiswa837,3.6593836042724,17,1,Bermasalah
Mahasiswa838,1.4495755964665324,37,0,Siaga
Mahasiswa839,2.322353401112174,36,1,Bermasalah
Mahasiswa840,2.5290571516781215,93,1,Siaga
Mahasiswa841,0.052377826353334545,94,1,Bermasalah
Mahasiswa842,2.6541494880668424,63,0,Aman
Mahasiswa843,0.7121438674790057,9,1,Bermasalah
Mahasiswa844,3.8442812698778206,78,1,Aman
Mahasiswa845,0.5946509110124518,41,0,Siaga
Mahasiswa846,1.658496494908095,47,1,Bermasalah
Mahasiswa847,0.34139867231457544,43,0,Siaga
Mahasiswa848,3.9874970073837894,81,1,Aman
Mahasiswa849,2.0087800413249703,86,0,Siaga
Mahasiswa850,2.381540069280175,96,0,Siaga
Mahasiswa851,0.2683059095537099,15,1,Bermasalah
Mahasiswa852,2.999841881596711,53,1,Bermasalah
Mahasiswa853,0.839622372382343,34,0,Siaga
Mahasiswa854,3.592217157762855,97,0,Aman
Mahasiswa855,0.8205585619280287,27,1,Bermasalah
Mahasiswa856,0.7627508826546663,1,1,Bermasalah
Mahasiswa857,0.14619867139237952,93,1,Bermasalah
Mahasiswa858,1.888267780439997,12,1,Bermasalah
Mahasiswa859,2.2593645330504657,40,0,Siaga
Mahasiswa860,0.26283455771340947,79,0,Siaga
Mahasiswa861,3.1021104667800423,58,0,Siaga
Mahasiswa862,1.8131553389921105,68,1,Bermasalah
Mahasiswa863,2.09756107731032,91,1,Bermasalah
Mahasiswa864,1.7630509877529126,52,0,Siaga
Mahasiswa865,1.603052243501304,44,0,Siaga
Mahasiswa866,2.2385613252328715,19,0,Siaga
Mahasiswa867,0.62096098372285,23,0,Siaga
Mahasiswa868,0.7277125219810845,60,0,Siaga
Mahasiswa869,3.447142484054069,90,0,Aman
Mahasiswa870,3.784461848534531,93,1,Aman
Mahasiswa871,1.4932372651190118,57,0,Siaga
Mahasiswa872,1.082978692574215,26,0,Siaga
Mahasiswa873,2.575998172956063,25,0,Siaga
Mahasiswa874,1.6349366843923856,6,0,Siaga
Mahasiswa875,0.10154542264137945,41,0,Siaga
Mahasiswa876,0.6246103894647614,46,0,Siaga
Mahasiswa877,2.86388891538959,52,0,Siaga
Mahasiswa878,2.6356957676406054,58,1,Siaga
Mahasiswa879,0.10838397001393396,37,0,Siaga
Mahasiswa880,0.8878886477317978,68,1,Bermasalah
Mahasiswa881,0.9242991863522856,86,1,Bermasalah
Mahasiswa882,2.6875709743949137,91,1,Siaga
Mahasiswa883,0.07884215101745662,97,0,Siaga
Mahasiswa884,0.4164343279382954,52,0,Siaga
Mahasiswa885,3.1996643414927575,14,0,Siaga
Mahasiswa886,0.7141786482173345,95,0,Siaga
Mahasiswa887,2.610984431407499,25,0,Siaga
Mahasiswa888,0.9527311241869061,47,0,Siaga
Mahasiswa889,0.39776557103738064,94,0,Siaga
Mahasiswa890,0.9726887639978163,18,0,Siaga
Mahasiswa891,2.8890677274226366,8,0,Siaga
Mahasiswa892,3.422785872425143,63,0,Siaga
Mahasiswa893,3.3208794582679664,92,1,Aman
Mahasiswa894,1.5887341184738193,53,0,Siaga
Mahasiswa895,2.6723405462825847,50,0,Siaga
Mahasiswa896,0.8199371816632839,38,0,Siaga
Mahasiswa897,1.172590921044053,3,1,Bermasalah
Mahasiswa898,3.585343274084479,2,0,Siaga
Mahasiswa899,0.05200769404294414,63,0,Siaga
Mahasiswa900,0.3420341234178723,28,1,Bermasalah
Mahasiswa901,0.8315450205841093,10,0,Siaga
Mahasiswa902,0.10612881549527886,96,1,Bermasalah
Mahasiswa903,0.7257417403591893,57,1,Bermasalah
Mahasiswa904,2.3321662438787687,74,1,Bermasalah
Mahasiswa905,1.6856982023699918,26,1,Bermasalah
Mahasiswa906,3.5706868443078994,96,0,Aman
Mahasiswa907,3.2697742469537636,20,1,Bermasalah
Mahasiswa908,1.3672694067915039,38,1,Bermasalah
Mahasiswa909,1.03769373372517,94,0,Siaga
Mahasiswa910,1.5187696326690676,45,0,Siaga
Mahasiswa911,2.361179770059231,65,0,Siaga
Mahasiswa912,1.072254563291505,90,1,Bermasalah
Mahasiswa913,2.496595631396536,35,0,Siaga
Mahasiswa914,1.6376466087649617,74,1,Bermasalah
Mahasiswa915,2.208188723407921,81,1,Bermasalah
Mahasiswa916,1.7445061165412667,64,0,Siaga
Mahasiswa917,1.1778630381676707,62,0,Siaga
Mahasiswa918,3.7938132278486267,98,0,Aman
Mahasiswa919,3.0544231766390433,34,0,Siaga
Mahasiswa920,0.5604527030658102,30,0,Siaga
Mahasiswa921,3.473871903591651,27,0,Siaga
Mahasiswa922,1.9497247929980546,0,1,Bermasalah
Mahasiswa923,3.5782089075763657,24,1,Bermasalah
Mahasiswa924,3.199421023789261,42,0,Siaga
Mahasiswa925,1.7008540178769338,83,1,Bermasalah
Mahasiswa926,0.08987723328046959,66,1,Bermasalah
Mahasiswa927,1.0747094375397843,62,1,Bermasalah
Mahasiswa928,2.1665368586434677,50,1,Bermasalah
Mahasiswa929,2.533912879304589,1,1,Bermasalah
Mahasiswa930,1.0315507417328091,81,1,Bermasalah
Mahasiswa931,0.5574242962912965,63,0,Siaga
Mahasiswa932,3.3397209471971965,73,0,Aman
Mahasiswa933,3.9376087228142085,68,0,Siaga
Mahasiswa934,2.1027607292107433,8,1,Bermasalah
Mahasiswa935,0.686717143393214,1,0,Siaga
Mahasiswa936,1.0892293060774758,33,0,Siaga
Mahasiswa937,0.07356270618986693,59,0,Siaga
Mahasiswa938,3.657195226241996,60,1,Siaga
Mahasiswa939,0.47100433156056454,30,0,Siaga
Mahasiswa940,2.3060659020570142,9,1,Bermasalah
Mahasiswa941,1.096220882748824,75,0,Siaga
Mahasiswa942,2.2167120100631736,35,0,Siaga
Mahasiswa943,2.605681553407457,84,0,Siaga
Mahasiswa944,3.3189672148288065,48,1,Bermasalah
Mahasiswa945,0.8256850870424128,69,1,Bermasalah
Mahasiswa946,0.04398331463392191,48,1,Bermasalah
Mahasiswa947,0.5475425202752291,2,1,Bermasalah
Mahasiswa948,3.6000745673924204,73,1,Aman
Mahasiswa949,3.495560310250061,4,0,Siaga
Mahasiswa950,2.389652408681233,89,0,Siaga
Mahasiswa951,2.4020674417346135,60,1,Bermasalah
Mahasiswa952,2.660146698185022,84,1,Siaga
Mahasiswa953,0.7014851144937984,89,0,Siaga
Mahasiswa954,3.657647783699839,25,1,Bermasalah
Mahasiswa955,1.6750820995682925,71,0,Siaga
Mahasiswa956,1.5325541129979898,4,1,Bermasalah
Mahasiswa957,2.07567082113135,14,0,Siaga
Mahasiswa958,0.18786386710022018,15,1,Bermasalah
Mahasiswa959,0.6651334750243176,0,1,Bermasalah
Mahasiswa960,2.9521344657054818,15,0,Siaga
Mahasiswa961,0.33119467170050587,36,0,Siaga
Mahasiswa962,2.412608437865553,2,1,Bermasalah
Mahasiswa963,0.9813964387252838,51,1,Bermasalah
Mahasiswa964,1.5571824561679062,46,0,Siaga
Mahasiswa965,1.1547749470827995,94,1,Bermasalah
Mahasiswa966,1.4226908658597965,12,0,Siaga
Mahasiswa967,2.876183620736982,79,0,Siaga
Mahasiswa968,1.1884868624927,54,1,Bermasalah
Mahasiswa969,2.2656185611875888,20,0,Siaga
Mahasiswa970,1.9042016087963987,65,0,Siaga
Mahasiswa971,2.6546846614505926,53,1,Bermasalah
Mahasiswa972,3.747318957299032,26,0,Siaga
Mahasiswa973,2.930288388841001,37,0,Siaga
Mahasiswa974,0.8597615143630271,89,0,Siaga
Mahasiswa975,0.12473254024513869,57,0,Siaga
Mahasiswa976,1.0490561771993003,61,1,Bermasalah
Mahasiswa977,2.3803117228010193,45,0,Siaga
Mahasiswa978,0.2057032539370014,88,1,Bermasalah
Mahasiswa979,1.9854649888049454,10,0,Siaga
Mahasiswa980,2.387371395667557,71,1,Bermasalah
Mahasiswa981,1.3369755632678433,7,0,Siaga
Mahasiswa982,3.0836488149832877,96,1,Aman
Mahasiswa983,0.4263930125350872,70,0,Siaga
Mahasiswa984,0.30055112694323505,63,0,Siaga
Mahasiswa985,2.9127550248144134,20,0,Siaga
Mahasiswa986,1.9819652648247938,71,0,Siaga
Mahasiswa987,2.753609585710944,62,1,Siaga
Mahasiswa988,1.739309354414985,84,1,Bermasalah
Mahasiswa989,0.9856081329564272,63,0,Siaga
Mahasiswa990,3.276409270696799,19,1,Bermasalah
Mahasiswa991,3.197663515875917,7,0,Siaga
Mahasiswa992,2.778785883417707,57,0,Aman
Mahasiswa993,1.0885805489198508,45,1,Bermasalah
Mahasiswa994,2.3609226674763484,30,1,Bermasalah
Mahasiswa995,1.4438955877601072,92,1,Bermasalah
Mahasiswa996,0.3663282933065366,8,0,Siaga
Mahasiswa997,3.669254301848971,14,0,Siaga
Mahasiswa998,0.5472745236758456,93,1,Bermasalah
Mahasiswa999,3.8009494152832097,25,0,Siaga
Mahasiswa1000,1.784023091831823,9,1,Bermasalah
Mahasiswa1001,0.7405317153544786,28,1,Bermasalah
Mahasiswa1002,2.1676037895134326,79,1,Bermasalah
Mahasiswa1003,3.491783343505633,35,1,Bermasalah
Mahasiswa1004,2.9288995456382447,83,1,Siaga
Mahasiswa1005,3.226244591445799,36,1,Bermasalah
Mahasiswa1006,2.6351334668428694,85,0,Siaga
Mahasiswa1007,2.76910625807141,70,0,Siaga
Mahasiswa1008,3.396782606261277,22,1,Bermasalah
Mahasiswa1009,0.9986720354367438,40,1,Bermasalah
Mahasiswa1010,1.957699854572562,92,1,Bermasalah
Mahasiswa1011,0.8848377672784089,79,0,Siaga
Mahasiswa1012,3.950672031986588,27,1,Bermasalah
Mahasiswa1013,3.776237358746453,47,1,Bermasalah
Mahasiswa1014,0.1577072454740236,37,1,Bermasalah
Mahasiswa1015,2.822300690062754,30,0,Siaga
Mahasiswa1016,3.7009932696626633,13,1,Bermasalah
Mahasiswa1017,0.7223013805093341,96,0,Siaga
Mahasiswa1018,2.271780922210518,72,0,Siaga
Mahasiswa1019,3.6619531903521674,90,1,Aman
Mahasiswa1020,0.13578391434319537,87,0,Siaga
Mahasiswa1021,2.7896810689873597,76,0,Siaga
Mahasiswa1022,1.189396029490203,89,0,Siaga
Mahasiswa1023,3.6975847815061216,28,1,Bermasalah
Mahasiswa1024,3.884232980661471,50,0,Siaga
Mahasiswa1025,3.7770659564537357,48,1,Bermasalah
Mahasiswa1026,1.896856866629855,42,1,Bermasalah
Mahasiswa1027,3.4481706039572537,91,1,Aman
Mahasiswa1028,3.3781975941402815,91,0,Aman
Mahasiswa1029,1.2764018929730225,71,1,Bermasalah
Mahasiswa1030,3.3156618966027094,86,0,Aman
Mahasiswa1031,0.14803053886197048,92,0,Siaga
Mahasiswa1032,2.385079513928212,4,0,Siaga
Mahasiswa1033,0.9200353491508122,41,0,Siaga
Mahasiswa1034,0.48226754310911524,6,1,Bermasalah
Mahasiswa1035,0.3078128065168366,41,1,Bermasalah
Mahasiswa1036,2.785155103512559,35,0,Siaga
Mahasiswa1037,1.3594998550722646,26,1,Bermasalah
Mahasiswa1038,2.899067086115046,57,1,Siaga
Mahasiswa1039,0.2614253631957695,45,1,Bermasalah
Mahasiswa1040,1.2611613513224413,65,0,Siaga
Mahasiswa1041,2.157965169501349,24,1,Bermasalah
Mahasiswa1042,3.162892659355854,72,0,Aman
Mahasiswa1043,1.2750100117282797,26,1,Bermasalah
Mahasiswa1044,2.5035655057480364,0,0,Siaga
Mahasiswa1045,3.5439109929447485,86,0,Aman
Mahasiswa1046,2.4634527527292183,73,0,Siaga
Mahasiswa1047,0.9318378990145351,41,1,Bermasalah
Mahasiswa1048,0.09760312622615208,51,0,Siaga
Mahasiswa1049,3.4803954956037195,24,1,Bermasalah
Mahasiswa1050,0.08507764340154855,53,0,Siaga
Mahasiswa1051,3.4988066907367976,66,1,Siaga
Mahasiswa1052,2.115748536108848,5,0,Siaga
Mahasiswa1053,3.7562707940515847,57,1,Siaga
Mahasiswa1054,3.1951329430946616,69,0,Siaga
Mahasiswa1055,3.99173644213335,52,0,Siaga
Mahasiswa1056,1.4028472618068406,65,0,Siaga
Mahasiswa1057,3.0687531557245076,57,1,Siaga
Mahasiswa1058,1.6077236544369686,81,0,Siaga
Mahasiswa1059,1.9195024812156354,86,0,Siaga
Mahasiswa1060,2.5100218528734803,1,0,Siaga
Mahasiswa1061,3.494708456745355,75,0,Aman
Mahasiswa1062,3.9363338767971805,21,1,Bermasalah
Mahasiswa1063,3.073093655458073,36,0,Siaga
Mahasiswa1064,1.671067128669335,19,0,Siaga
Mahasiswa1065,1.6854280091082807,23,1,Bermasalah
Mahasiswa1066,2.950329206355566,83,1,Siaga
Mahasiswa1067,0.9551085830732093,64,1,Bermasalah
Mahasiswa1068,0.44189645252557863,64,0,Siaga
Mahasiswa1069,1.4184886305631061,80,1,Bermasalah
Mahasiswa1070,1.148955966616327,0,1,Bermasalah
Mahasiswa1071,1.1852324818239603,93,1,Bermasalah
Mahasiswa1072,0.9344310041996398,2,0,Siaga
Mahasiswa1073,0.16837275854544753,45,0,Siaga
Mahasiswa1074,0.07149573893365524,54,0,Siaga
Mahasiswa1075,3.950889558944126,74,1,Aman
Mahasiswa1076,1.7110925349434494,87,0,Siaga
Mahasiswa1077,1.5373065886387267,85,1,Bermasalah
Mahasiswa1078,2.7185891307722794,63,1,Siaga
Mahasiswa1079,0.8730155514602567,44,1,Bermasalah
Mahasiswa1080,3.7998447358009013,25,0,Siaga
Mahasiswa1081,3.145380057662208,76,1,Aman
Mahasiswa1082,0.35764400924903805,64,1,Bermasalah
Mahasiswa1083,1.6703231031397134,23,0,Siaga
Mahasiswa1084,3.5164732302486588,73,1,Aman
Mahasiswa1085,3.778928089165641,34,1,Bermasalah
Mahasiswa1086,1.869606044999479,23,1,Bermasalah
Mahasiswa1087,2.453645556842831,27,0,Siaga
Mahasiswa1088,0.6681357843683009,99,1,Bermasalah
Mahasiswa1089,3.964674504547906,79,0,Aman
Mahasiswa1090,0.9266868055337736,15,0,Siaga
Mahasiswa1091,3.7709270965405026,58,1,Siaga
Mahasiswa1092,2.598586595969474,80,1,Siaga
Mahasiswa1093,2.4309471795154365,53,1,Bermasalah
Mahasiswa1094,2.0507540440660343,78,1,Bermasalah
Mahasiswa1095,0.9226792468710348,15,0,Siaga
Mahasiswa1096,0.706112128022033,14,0,Siaga
Mahasiswa1097,0.8819448362807014,97,1,Bermasalah
Mahasiswa1098,0.7457530485770181,10,0,Siaga
Mahasiswa1099,3.1183378942670132,64,1,Siaga
Mahasiswa1100,1.4005010366669204,78,1,Bermasalah
Mahasiswa1101,0.23137070625358547,89,1,Bermasalah
Mahasiswa1102,3.8764105205632453,67,1,Siaga
Mahasiswa1103,3.5351435398537028,42,0,Siaga
Mahasiswa1104,3.711009132780852,68,0,Siaga
Mahasiswa1105,3.979631290585741,98,1,Aman
Mahasiswa1106,0.6955809968779492,12,1,Bermasalah
Mahasiswa1107,1.584968075610635,9,0,Siaga
Mahasiswa1108,3.0329539028163652,74,0,Aman
Mahasiswa1109,2.784082472215169,81,0,Siaga
Mahasiswa1110,0.6155836253594202,97,1,Bermasalah
Mahasiswa1111,3.263332499962471,40,0,Siaga
Mahasiswa1112,0.8977622873466427,49,1,Bermasalah
Mahasiswa1113,0.8952704592904923,86,1,Bermasalah
Mahasiswa1114,2.1478976915736543,70,0,Siaga
Mahasiswa1115,2.3717597393668126,58,1,Bermasalah
Mahasiswa1116,2.3203448313512447,38,0,Siaga
Mahasiswa1117,0.3659473495910195,2,1,Bermasalah
Mahasiswa1118,3.5098434505215215,75,1,Aman
Mahasiswa1119,1.0624001703548243,6,1,Bermasalah
Mahasiswa1120,0.5180596851312167,48,1,Bermasalah
Mahasiswa1121,3.5549923194759088,25,1,Bermasalah
Mahasiswa1122,3.8226059929190135,32,1,Bermasalah
Mahasiswa1123,3.4485104690618025,100,0,Aman
Mahasiswa1124,3.2380642988995123,47,0,Siaga
Mahasiswa1125,2.620967922556087,78,1,Siaga
Mahasiswa1126,2.2034294824365572,1,0,Siaga
Mahasiswa1127,0.34794703964564055,70,1,Bermasalah
Mahasiswa1128,1.6338128522827948,31,0,Siaga
Mahasiswa1129,1.490754068049256,3,0,Siaga
Mahasiswa1130,1.0390151350413048,19,1,Bermasalah
Mahasiswa1131,2.8936804547543398,35,0,Siaga
Mahasiswa1132,1.9835029403150832,31,1,Bermasalah
Mahasiswa1133,0.32418486363059174,27,0,Siaga
Mahasiswa1134,0.8807328077992453,76,1,Bermasalah
Mahasiswa1135,2.7330350546383837,0,0,Siaga
Mahasiswa1136,0.30452343796120074,59,1,Bermasalah
Mahasiswa1137,3.4048276561950748,55,0,Siaga
Mahasiswa1138,1.9805861080558973,34,1,Bermasalah
Mahasiswa1139,1.922346309306592,29,0,Siaga
Mahasiswa1140,2.3696311386380704,53,1,Bermasalah
Mahasiswa1141,3.2987238637005967,35,0,Siaga
Mahasiswa1142,1.3912368316087722,54,1,Bermasalah
Mahasiswa1143,2.7120646102362542,88,0,Siaga
Mahasiswa1144,2.2629278559831643,79,1,Bermasalah
Mahasiswa1145,1.0681130806776853,57,1,Bermasalah
Mahasiswa1146,3.514519945420632,82,1,Aman
Mahasiswa1147,3.1897040864277124,64,1,Siaga
Mahasiswa1148,2.633807338633702,68,0,Aman
Mahasiswa1149,3.4023269163769676,50,0,Siaga
Mahasiswa1150,3.4691768038392095,21,0,Siaga
Mahasiswa1151,2.833451906860139,87,1,Siaga
Mahasiswa1152,3.348053313454688,100,1,Aman
Mahasiswa1153,2.7898858466771346,52,1,Bermasalah
Mahasiswa1154,2.7205630870412016,99,1,Siaga
Mahasiswa1155,2.474445512860737,35,1,Bermasalah
Mahasiswa1156,3.010866558230565,67,0,Siaga
Mahasiswa1157,0.6344204211722948,35,0,Siaga
Mahasiswa1158,3.5234830367957137,51,0,Siaga
Mahasiswa1159,3.487374110980928,52,1,Bermasalah
Mahasiswa1160,0.11698913213823658,81,1,Bermasalah
Mahasiswa1161,3.3032670022590507,49,1,Bermasalah
Mahasiswa1162,0.5154794698937808,79,1,Bermasalah
Mahasiswa1163,1.3404754170365676,40,1,Bermasalah
Mahasiswa1164,2.974033025166431,17,1,Bermasalah
Mahasiswa1165,0.6430395841932328,21,1,Bermasalah
Mahasiswa1166,3.2718680964762488,65,0,Siaga
Mahasiswa1167,3.3285367118309677,20,0,Siaga
Mahasiswa1168,2.029870935043345,99,1,Bermasalah
Mahasiswa1169,0.02554348686733432,43,1,Bermasalah
Mahasiswa1170,1.1481525326996511,46,1,Bermasalah
Mahasiswa1171,2.467707673502969,38,0,Siaga
Mahasiswa1172,3.924744712109694,28,0,Siaga
Mahasiswa1173,2.5272541080666735,53,1,Bermasalah
Mahasiswa1174,1.0392143242566392,89,0,Siaga
Mahasiswa1175,2.5360228123984454,84,0,Siaga
Mahasiswa1176,2.159941518863422,16,0,Siaga
Mahasiswa1177,3.1193815806045744,79,1,Aman
Mahasiswa1178,0.42792255530783363,59,0,Siaga
Mahasiswa1179,3.044111610008112,30,0,Siaga
Mahasiswa1180,2.165066314704441,72,1,Bermasalah
Mahasiswa1181,3.8519680154359786,94,1,Aman
Mahasiswa1182,1.3674886641547443,77,0,Siaga
Mahasiswa1183,2.5304875725357925,48,1,Bermasalah
Mahasiswa1184,3.72811242204007,100,0,Aman
Mahasiswa1185,0.410038911962717,1,0,Siaga
Mahasiswa1186,3.7489139489458045,47,1,Bermasalah
Mahasiswa1187,2.7515428892032534,13,1,Bermasalah
Mahasiswa1188,0.2713482364206876,58,0,Siaga
Mahasiswa1189,1.203854267787265,96,1,Bermasalah
Mahasiswa1190,2.8326883545811263,98,1,Siaga
Mahasiswa1191,0.2694024058750868,57,0,Siaga
Mahasiswa1192,2.328681840705093,57,0,Siaga
Mahasiswa1193,1.383532227811827,50,0,Siaga
Mahasiswa1194,2.4836620710699084,83,0,Siaga
Mahasiswa1195,0.1829681352500514,1,0,Siaga
Mahasiswa1196,3.486147224609505,40,0,Siaga
Mahasiswa1197,3.8939558767095876,82,1,Aman
Mahasiswa1198,3.875511421142766,100,1,Aman
Mahasiswa1199,2.998607326971699,81,0,Siaga
Mahasiswa1200,0.5203449605225279,15,1,Bermasalah
Mahasiswa1201,3.0330527837160903,3,1,Bermasalah
Mahasiswa1202,0.09834766583520604,11,0,Siaga
Mahasiswa1203,0.08849420611598902,28,1,Bermasalah
Mahasiswa1204,1.294440876598165,6,1,Bermasalah
Mahasiswa1205,1.954572761618663,13,0,Siaga
Mahasiswa1206,3.081629671231173,11,1,Bermasalah
Mahasiswa1207,2.7331815064260208,98,1,Siaga
Mahasiswa1208,1.7836108255069933,4,0,Siaga
Mahasiswa1209,1.0945066651266635,80,1,Bermasalah
Mahasiswa1210,3.9884980006308446,31,1,Bermasalah
Mahasiswa1211,1.7047252089438918,73,1,Bermasalah
Mahasiswa1212,1.805548097318702,42,0,Siaga
Mahasiswa1213,0.6544952847666767,80,0,Siaga
Mahasiswa1214,3.1792381949997175,68,1,Siaga
Mahasiswa1215,2.7747289031259545,44,1,Bermasalah
Mahasiswa1216,0.8830784511550416,8,0,Siaga
Mahasiswa1217,0.3295241824633708,48,0,Siaga
Mahasiswa1218,2.7219972082988524,32,1,Bermasalah
Mahasiswa1219,2.618044857124541,99,0,Siaga
Mahasiswa1220,1.0930381079928373,99,1,Bermasalah
Mahasiswa1221,3.8034542490016414,17,1,Bermasalah
Mahasiswa1222,0.6042315671236009,8,0,Siaga
Mahasiswa1223,1.7293392041704077,61,0,Siaga
Mahasiswa1224,3.7744636806703955,56,1,Siaga
Mahasiswa1225,1.6789092677044892,28,1,Bermasalah
Mahasiswa1226,2.554103790656342,77,0,Siaga
Mahasiswa1227,1.590377591851177,24,1,Bermasalah
Mahasiswa1228,1.0968608093946801,14,0,Siaga
Mahasiswa1229,3.935910591839313,5,0,Siaga
Mahasiswa1230,1.637336025260172,41,0,Siaga
Mahasiswa1231,3.5763968147165377,28,0,Siaga
Mahasiswa1232,0.9198184235643447,78,0,Siaga
Mahasiswa1233,0.8524188161003332,92,1,Bermasalah
Mahasiswa1234,0.12453633153804544,3,0,Siaga
Mahasiswa1235,2.60666730150354,81,0,Siaga
Mahasiswa1236,1.4741053748950446,56,0,Siaga
Mahasiswa1237,3.457432999358548,48,0,Siaga
Mahasiswa1238,1.8928396267662286,43,0,Siaga
Mahasiswa1239,3.872773711658887,79,0,Aman
Mahasiswa1240,0.7421020628124846,74,0,Siaga
Mahasiswa1241,3.474492671822443,13,1,Bermasalah
Mahasiswa1242,3.106387411166967,2,1,Bermasalah
Mahasiswa1243,3.083687378576208,61,1,Siaga
Mahasiswa1244,3.3791329124675507,63,1,Siaga
Mahasiswa1245,3.0440959637719955,44,0,Siaga
Mahasiswa1246,2.5048812865256616,81,1,Siaga
Mahasiswa1247,0.5249795107295503,57,0,Siaga
Mahasiswa1248,0.13010471796500767,19,1,Bermasalah
Mahasiswa1249,3.6833913912627474,57,1,Siaga
Mahasiswa1250,2.466601258082952,88,0,Siaga
Mahasiswa1251,3.1861491639047053,56,0,Siaga
Mahasiswa1252,1.9260894060502003,76,1,Bermasalah
Mahasiswa1253,0.4692327558495779,67,1,Bermasalah
Mahasiswa1254,0.5007431688102018,77,1,Bermasalah
Mahasiswa1255,2.7422611489158855,96,1,Siaga
Mahasiswa1256,1.7212235795978508,91,0,Siaga
Mahasiswa1257,0.8020989068013469,51,1,Bermasalah
Mahasiswa1258,1.9663781869657475,36,1,Bermasalah
Mahasiswa1259,0.25683574830053635,7,1,Bermasalah
Mahasiswa1260,2.327885607657595,43,1,Bermasalah
Mahasiswa1261,1.0759736177403907,97,1,Bermasalah
Mahasiswa1262,3.1902364025487526,4,0,Siaga
Mahasiswa1263,1.241447835694295,68,0,Siaga
Mahasiswa1264,1.8208805963272048,30,0,Siaga
Mahasiswa1265,0.04648215963240254,44,0,Siaga
Mahasiswa1266,0.2897875511782355,8,0,Siaga
Mahasiswa1267,1.5699742256267393,31,1,Bermasalah
Mahasiswa1268,1.919755338868494,32,0,Siaga
Mahasiswa1269,2.400082192477215,66,0,Siaga
Mahasiswa1270,1.166650314837213,29,1,Bermasalah
Mahasiswa1271,2.77992754450617,75,0,Siaga
Mahasiswa1272,3.4404895887568183,28,0,Siaga
Mahasiswa1273,3.1194039555733992,2,0,Siaga
Mahasiswa1274,0.15847530139342858,89,0,Siaga
Mahasiswa1275,1.9220277890313158,56,1,Bermasalah
Mahasiswa1276,0.4197207136726995,29,1,Bermasalah
Mahasiswa1277,0.9681800634501099,8,0,Siaga
Mahasiswa1278,3.946650373068586,25,1,Bermasalah
Mahasiswa1279,0.5699821716060529,1,0,Siaga
Mahasiswa1280,1.9955526138054243,61,1,Bermasalah
Mahasiswa1281,2.4726229372724764,2,1,Bermasalah
Mahasiswa1282,2.809859882176416,45,1,Bermasalah
Mahasiswa1283,2.2385947339476564,67,1,Bermasalah
Mahasiswa1284,0.03908338967673464,24,1,Bermasalah
Mahasiswa1285,1.3058452329759676,50,1,Bermasalah
Mahasiswa1286,2.0708465735388457,12,1,Bermasalah
Mahasiswa1287,0.3514659965793334,43,1,Bermasalah
Mahasiswa1288,1.402507724836723,34,1,Bermasalah
Mahasiswa1289,0.13281243516546626,54,1,Bermasalah
Mahasiswa1290,0.314313988620083,86,1,Bermasalah
Mahasiswa1291,1.5876931048063843,8,0,Siaga
Mahasiswa1292,0.5308630161722414,1,1,Bermasalah
Mahasiswa1293,2.2701633930462326,60,0,Siaga
Mahasiswa1294,2.757859876549063,40,1,Bermasalah
Mahasiswa1295,3.2023467964363315,43,0,Siaga
Mahasiswa1296,0.8006009769792404,63,0,Siaga
Mahasiswa1297,0.669930329036279,30,0,Siaga
Mahasiswa1298,0.418271361337601,46,1,Bermasalah
Mahasiswa1299,2.545720998174547,1,1,Bermasalah
Mahasiswa1300,2.8259029059476046,95,1,Siaga
Mahasiswa1301,0.12634457930256815,81,1,Bermasalah
Mahasiswa1302,3.7448489849747593,76,0,Aman
Mahasiswa1303,0.20788513460588964,68,1,Bermasalah
Mahasiswa1304,2.165185341204282,57,1,Bermasalah
Mahasiswa1305,2.8362420778036657,43,1,Bermasalah
Mahasiswa1306,3.4838764949843424,73,1,Aman
Mahasiswa1307,2.856347728529711,55,1,Siaga
Mahasiswa1308,3.2069123322791673,42,1,Bermasalah
Mahasiswa1309,1.3578007701712242,88,1,Bermasalah
Mahasiswa1310,3.259300454986049,33,1,Bermasalah
Mahasiswa1311,0.32045938553870057,100,0,Siaga
Mahasiswa1312,3.5792666242421105,29,0,Siaga
Mahasiswa1313,2.190369504614945,70,1,Bermasalah
Mahasiswa1314,3.269191079849975,69,1,Siaga
Mahasiswa1315,1.8092731380732006,54,1,Bermasalah
Mahasiswa1316,2.5743107807861,66,1,Siaga
Mahasiswa1317,2.105610643744453,12,0,Siaga
Mahasiswa1318,2.9263580870213275,2,0,Siaga
Mahasiswa1319,0.3265199281223583,25,1,Bermasalah
Mahasiswa1320,0.2414083359622552,56,0,Siaga
Mahasiswa1321,0.9884129360405858,23,0,Siaga
Mahasiswa1322,0.6381787204527534,52,1,Bermasalah
Mahasiswa1323,3.4871342663688067,69,1,Siaga
Mahasiswa1324,0.8768559494321773,42,1,Bermasalah
Mahasiswa1325,3.903461023276525,59,0,Siaga
Mahasiswa1326,1.3475831670844274,57,0,Siaga
Mahasiswa1327,0.7284716627547971,48,1,Bermasalah
Mahasiswa1328,3.1587940285699165,41,1,Bermasalah
Mahasiswa1329,2.6348311020035045,75,0,Siaga
Mahasiswa1330,1.992782865812556,99,0,Siaga
Mahasiswa1331,2.221454203750525,65,1,Bermasalah
Mahasiswa1332,2.8768071130890553,10,0,Siaga
Mahasiswa1333,0.9138189653251949,97,1,Bermasalah
Mahasiswa1334,3.9853356642269677,89,1,Aman
Mahasiswa1335,3.8991726485871325,17,0,Siaga
Mahasiswa1336,2.6013027453877475,84,0,Siaga
Mahasiswa1337,0.7981698037165805,99,0,Siaga
Mahasiswa1338,2.7209129697251653,51,1,Bermasalah
Mahasiswa1339,0.2887936359167034,45,1,Bermasalah
Mahasiswa1340,0.12261000882322426,43,1,Bermasalah
Mahasiswa1341,1.0307315540448547,21,1,Bermasalah
Mahasiswa1342,1.8504918269572652,52,1,Bermasalah
Mahasiswa1343,3.473090021633522,58,1,Siaga
Mahasiswa1344,2.908676279065232,93,0,Siaga
Mahasiswa1345,2.970826084799924,29,1,Bermasalah
Mahasiswa1346,1.7019733377923014,7,1,Bermasalah
Mahasiswa1347,1.3837399701878517,97,1,Bermasalah
Mahasiswa1348,1.4841550519384108,56,1,Bermasalah
Mahasiswa1349,3.9505982549442313,72,0,Aman
Mahasiswa1350,0.16043676564992992,19,1,Bermasalah
Mahasiswa1351,3.4681259844897943,24,0,Siaga
Mahasiswa1352,2.3147016342895737,18,0,Siaga
Mahasiswa1353,1.7544616767583618,4,1,Bermasalah
Mahasiswa1354,2.901030641660546,74,1,Siaga
Mahasiswa1355,1.9466757656988114,78,0,Siaga
Mahasiswa1356,3.4936929523266422,71,0,Aman
Mahasiswa1357,3.602807456045034,82,1,Aman
Mahasiswa1358,1.6868837074938217,86,0,Siaga
Mahasiswa1359,1.1073111889402063,26,1,Bermasalah
Mahasiswa1360,2.369401314373449,39,1,Bermasalah
Mahasiswa1361,3.649453382466764,95,0,Aman
Mahasiswa1362,0.8426487560226663,25,1,Bermasalah
Mahasiswa1363,2.491866334253931,26,1,Bermasalah
Mahasiswa1364,2.526240880370082,61,1,Siaga
Mahasiswa1365,2.932452089661124,82,0,Siaga
Mahasiswa1366,0.5262707405090392,49,0,Siaga
Mahasiswa1367,2.8632998587283542,41,0,Siaga
Mahasiswa1368,3.636130082662564,28,1,Bermasalah
Mahasiswa1369,0.7187324354809679,38,0,Siaga
Mahasiswa1370,0.9501732996955106,59,0,Siaga
Mahasiswa1371,3.8855803761665584,40,0,Siaga
Mahasiswa1372,0.7239078108379591,32,1,Bermasalah
Mahasiswa1373,3.4175403734783165,82,1,Aman
Mahasiswa1374,1.9691114257921392,100,0,Siaga
Mahasiswa1375,0.9889242976127082,82,0,Siaga
Mahasiswa1376,3.4829996050900456,96,0,Aman
Mahasiswa1377,1.781221020010662,15,1,Bermasalah
Mahasiswa1378,2.0592694157187608,22,0,Siaga
Mahasiswa1379,1.4369334775990628,6,1,Bermasalah
Mahasiswa1380,2.3718034057397097,25,1,Bermasalah
Mahasiswa1381,0.6540954903400911,95,1,Bermasalah
Mahasiswa1382,1.5643261466070428,11,0,Siaga
Mahasiswa1383,3.87764928934115,71,0,Aman
Mahasiswa1384,1.0325337308045102,4,1,Bermasalah
Mahasiswa1385,2.626946658165169,91,1,Siaga
Mahasiswa1386,1.3007602568987795,68,1,Bermasalah
Mahasiswa1387,3.0938925027464026,48,1,Bermasalah
Mahasiswa1388,0.5234946428733993,25,0,Siaga
Mahasiswa1389,3.879284180314179,4,0,Siaga
Mahasiswa1390,1.815158165534557,21,1,Bermasalah
Mahasiswa1391,0.9442018533858558,78,1,Bermasalah
Mahasiswa1392,0.29398698932005063,12,1,Bermasalah
Mahasiswa1393,0.679031620350163,27,0,Siaga
Mahasiswa1394,2.0790957942240706,32,1,Bermasalah
Mahasiswa1395,1.3480127057251452,22,0,Siaga
Mahasiswa1396,3.315533463530438,96,1,Aman
Mahasiswa1397,1.7235500946472238,17,0,Siaga
Mahasiswa1398,0.9948570903505196,29,0,Siaga
Mahasiswa1399,2.46857994641612,25,1,Bermasalah
Mahasiswa1400,2.8271088675417833,15,0,Siaga
Mahasiswa1401,0.6681676316037994,76,0,Siaga
Mahasiswa1402,0.6704768651532707,38,0,Siaga
Mahasiswa1403,0.1466857077341719,32,0,Siaga
Mahasiswa1404,2.945608060262562,25,1,Bermasalah
Mahasiswa1405,2.6552181104872203,47,1,Bermasalah
Mahasiswa1406,1.8985235029992555,64,1,Bermasalah
Mahasiswa1407,3.3766817958767885,37,1,Bermasalah
Mahasiswa1408,3.2226806118002127,1,1,Bermasalah
Mahasiswa1409,2.3414174575870086,5,0,Siaga
Mahasiswa1410,3.4730851220530345,45,0,Siaga
Mahasiswa1411,0.823364840147073,49,0,Siaga
Mahasiswa1412,0.4476784775909115,37,0,Siaga
Mahasiswa1413,1.0789984460679585,87,1,Bermasalah
Mahasiswa1414,0.2283474243572594,17,1,Bermasalah
Mahasiswa1415,2.124678112004128,26,0,Siaga
Mahasiswa1416,3.746422769179846,40,1,Bermasalah
Mahasiswa1417,0.1573741626740386,71,0,Siaga
Mahasiswa1418,0.4884396560401072,91,0,Siaga
Mahasiswa1419,1.8087961131337411,73,1,Bermasalah
Mahasiswa1420,3.7355000701116197,16,1,Bermasalah
Mahasiswa1421,1.264624419907002,61,1,Bermasalah
Mahasiswa1422,2.0289392347535697,28,1,Bermasalah
Mahasiswa1423,0.1662914362015684,57,1,Bermasalah
Mahasiswa1424,0.5933728038483554,69,1,Bermasalah
Mahasiswa1425,3.9465204918353876,77,1,Aman
Mahasiswa1426,3.860474785744182,21,0,Siaga
Mahasiswa1427,0.019759923737638463,5,1,Bermasalah
Mahasiswa1428,3.807247141692956,25,0,Siaga
Mahasiswa1429,2.5564797512620014,38,0,Siaga
Mahasiswa1430,3.4716731780800885,11,1,Bermasalah
Mahasiswa1431,1.8189594225354364,98,0,Siaga
Mahasiswa1432,2.062384114317001,13,1,Bermasalah
Mahasiswa1433,1.9553863210276807,21,0,Siaga
Mahasiswa1434,2.6674570301844174,50,0,Siaga
Mahasiswa1435,0.5586050190252516,22,0,Siaga
Mahasiswa1436,0.11989435949071181,47,1,Bermasalah
Mahasiswa1437,1.2317197663647637,70,0,Siaga
Mahasiswa1438,2.818723050946587,49,0,Siaga
Mahasiswa1439,0.8074138084917934,88,0,Siaga
Mahasiswa1440,2.6937297332996692,12,1,Bermasalah
Mahasiswa1441,3.8796481844290818,84,0,Aman
Mahasiswa1442,0.37560286315767355,9,1,Bermasalah
Mahasiswa1443,2.690408472900505,54,0,Siaga
Mahasiswa1444,1.7750008772182846,8,0,Siaga
Mahasiswa1445,3.4725690175100214,78,0,Aman
Mahasiswa1446,0.7085991577895436,51,1,Bermasalah
Mahasiswa1447,2.770503808904658,1,0,Siaga
Mahasiswa1448,3.352461158592441,24,0,Siaga
Mahasiswa1449,3.778456877896093,12,0,Siaga
Mahasiswa1450,2.7329921131585833,97,0,Siaga
Mahasiswa1451,1.9886990560337092,50,1,Bermasalah
Mahasiswa1452,2.4713889608048554,57,0,Siaga
Mahasiswa1453,3.475619937914873,33,0,Siaga
Mahasiswa1454,2.2824389865553187,34,0,Siaga
Mahasiswa1455,0.12154823878734744,2,0,Siaga
Mahasiswa1456,3.723794782027911,58,1,Siaga
Mahasiswa1457,2.7581070041262445,69,0,Aman
Mahasiswa1458,2.706053543108986,47,0,Siaga
Mahasiswa1459,0.8627006095908687,63,1,Bermasalah
Mahasiswa1460,2.635541880930629,18,0,Siaga
Mahasiswa1461,1.575457622616634,66,0,Siaga
Mahasiswa1462,2.6049319081659683,81,0,Siaga
Mahasiswa1463,0.4263721212319629,72,1,Bermasalah
Mahasiswa1464,2.631381218412144,75,0,Siaga
Mahasiswa1465,3.9976549030826662,4,1,Bermasalah
Mahasiswa1466,0.1928481554422241,66,1,Bermasalah
Mahasiswa1467,3.908696736885269,10,1,Bermasalah
Mahasiswa1468,1.6276318428914824,93,1,Bermasalah
Mahasiswa1469,3.4830138013490366,67,1,Siaga
Mahasiswa1470,3.129541936233094,68,1,Siaga
Mahasiswa1471,2.268065043946671,0,1,Bermasalah
Mahasiswa1472,2.953796837005306,90,0,Siaga
Mahasiswa1473,3.5140622452053916,91,0,Aman
Mahasiswa1474,1.616561286604132,62,1,Bermasalah
Mahasiswa1475,1.3081326462529548,28,1,Bermasalah
Mahasiswa1476,2.670373542254339,81,1,Siaga
Mahasiswa1477,3.2313837677650343,11,1,Bermasalah
Mahasiswa1478,3.049140539106463,76,1,Aman
Mahasiswa1479,3.191254595434538,40,1,Bermasalah
Mahasiswa1480,1.742333259251732,1,0,Siaga
Mahasiswa1481,3.2713368647000864,36,0,Siaga
Mahasiswa1482,0.48083622148243377,44,1,Bermasalah
Mahasiswa1483,2.177956391843398,79,1,Bermasalah
Mahasiswa1484,0.023034641992486282,47,1,Bermasalah
Mahasiswa1485,1.2983433196010812,23,0,Siaga
Mahasiswa1486,1.4658461394855915,98,1,Bermasalah
Mahasiswa1487,1.5846907664370216,21,0,Siaga
Mahasiswa1488,2.7818688267594487,99,0,Siaga
Mahasiswa1489,1.554232405081383,10,0,Siaga
Mahasiswa1490,1.7947744904901226,57,1,Bermasalah
Mahasiswa1491,0.9501765234973099,45,1,Bermasalah
Mahasiswa1492,1.4930071665173603,28,0,Siaga
Mahasiswa1493,0.9090785090526059,34,0,Siaga
Mahasiswa1494,0.29278369507377455,14,0,Siaga
Mahasiswa1495,2.4137943735255116,59,0,Siaga
Mahasiswa1496,2.672851194220065,94,1,Siaga
Mahasiswa1497,2.477961384038458,41,0,Siaga
Mahasiswa1498,1.8539761752022894,42,1,Bermasalah
Mahasiswa1499,1.5191431207169193,79,0,Siaga
Mahasiswa1500,3.453334598287301,73,1,Aman
Mahasiswa1501,2.076327140544872,48,0,Siaga
Mahasiswa1502,1.9167275105189239,63,1,Bermasalah
Mahasiswa1503,0.10256826322574275,31,1,Bermasalah
Mahasiswa1504,1.3649913105046254,63,1,Bermasalah
Mahasiswa1505,1.5207824751434282,1,0,Siaga
Mahasiswa1506,1.595291123587602,23,1,Bermasalah
Mahasiswa1507,2.320689476909329,86,0,Siaga
Mahasiswa1508,2.134410186907514,65,1,Bermasalah
Mahasiswa1509,2.4316203711737785,37,1,Bermasalah
Mahasiswa1510,3.059533046168513,30,0,Siaga
Mahasiswa1511,3.251942954864374,25,1,Bermasalah
Mahasiswa1512,2.8724923049059776,28,1,Bermasalah
Mahasiswa1513,3.8220947838197388,66,0,Siaga
Mahasiswa1514,0.07293033070544652,77,1,Bermasalah
Mahasiswa1515,0.7831119427341844,24,1,Bermasalah
Mahasiswa1516,0.03025149991256848,47,1,Bermasalah
Mahasiswa1517,2.589898856618412,64,1,Siaga
Mahasiswa1518,3.5921221957999476,52,0,Siaga
Mahasiswa1519,0.9739291863051971,66,1,Bermasalah
Mahasiswa1520,3.7081381791852266,89,1,Aman
Mahasiswa1521,0.2410695611582434,17,1,Bermasalah
Mahasiswa1522,3.737744107222057,8,1,Bermasalah
Mahasiswa1523,1.4064907489585377,37,1,Bermasalah
Mahasiswa1524,0.40568331379686606,86,1,Bermasalah
Mahasiswa1525,1.9434870367453025,20,1,Bermasalah
Mahasiswa1526,1.0271062708820318,64,1,Bermasalah
Mahasiswa1527,1.1394916078476913,20,0,Siaga
Mahasiswa1528,1.2291598597051463,26,0,Siaga
Mahasiswa1529,3.2121035913306537,69,0,Siaga
Mahasiswa1530,2.156645106701018,43,0,Siaga
Mahasiswa1531,1.2452307966240146,99,1,Bermasalah
Mahasiswa1532,2.4413351332436735,27,1,Bermasalah
Mahasiswa1533,2.8646026968927742,44,0,Siaga
Mahasiswa1534,1.090496002934135,16,0,Siaga
Mahasiswa1535,1.654196406101406,39,0,Siaga
Mahasiswa1536,0.4875443733477902,2,1,Bermasalah
Mahasiswa1537,0.7245973981387213,75,1,Bermasalah
Mahasiswa1538,2.7244714158599312,75,0,Siaga
Mahasiswa1539,0.7257533907825078,65,0,Siaga
Mahasiswa1540,2.1006535346682407,45,0,Siaga
Mahasiswa1541,2.8361850468897307,85,0,Siaga
Mahasiswa1542,0.42750769237897535,86,0,Siaga
Mahasiswa1543,2.269248878515614,29,1,Bermasalah
Mahasiswa1544,1.026251134805455,68,0,Siaga
Mahasiswa1545,3.851707500950319,8,1,Bermasalah
Mahasiswa1546,1.934182586879699,84,0,Siaga
Mahasiswa1547,3.2239701991006324,10,0,Siaga
Mahasiswa1548,2.200906168625047,68,1,Bermasalah
Mahasiswa1549,0.17365013141927665,98,0,Siaga
Mahasiswa1550,2.5326055023760894,90,1,Siaga
Mahasiswa1551,3.805613368826628,65,1,Siaga
Mahasiswa1552,2.4064472805853248,87,0,Siaga
Mahasiswa1553,3.276755437707161,30,0,Siaga
Mahasiswa1554,3.536825853393631,32,1,Bermasalah
Mahasiswa1555,0.9123190877957299,38,1,Bermasalah
Mahasiswa1556,0.8481793596329066,93,0,Siaga
Mahasiswa1557,2.443923955403967,45,1,Bermasalah
Mahasiswa1558,1.6441138792268188,36,0,Siaga
Mahasiswa1559,3.3594452114668814,91,1,Aman
Mahasiswa1560,3.6000924935920446,59,0,Siaga
Mahasiswa1561,1.4136855172108724,30,1,Bermasalah
Mahasiswa1562,0.9474822358979282,10,1,Bermasalah
Mahasiswa1563,3.1221020609754473,86,0,Aman
Mahasiswa1564,1.0992241421925444,1,1,Bermasalah
Mahasiswa1565,3.2904572740547136,26,1,Bermasalah
Mahasiswa1566,1.6949530145950513,98,1,Bermasalah
Mahasiswa1567,2.670199597165882,1,1,Bermasalah
Mahasiswa1568,0.3821412553386727,100,1,Bermasalah
Mahasiswa1569,2.495437298706292,20,1,Bermasalah
Mahasiswa1570,1.8070707149489165,57,1,Bermasalah
Mahasiswa1571,2.3464338527018964,4,0,Siaga
Mahasiswa1572,0.6720568309794537,51,1,Bermasalah
Mahasiswa1573,2.9474949797767285,44,1,Bermasalah
Mahasiswa1574,3.451188310172914,84,0,Aman
Mahasiswa1575,0.8669592003631026,92,1,Bermasalah
Mahasiswa1576,0.3828582220806469,19,1,Bermasalah
Mahasiswa1577,0.09455434418534558,60,0,Siaga
Mahasiswa1578,2.567886001773064,37,1,Bermasalah
Mahasiswa1579,2.428376144355123,19,1,Bermasalah
Mahasiswa1580,2.18678965085628,24,0,Siaga
Mahasiswa1581,0.9277883844639017,1,0,Siaga
Mahasiswa1582,1.5636239836220587,31,1,Bermasalah
Mahasiswa1583,2.377905340744692,25,1,Bermasalah
Mahasiswa1584,1.9870674354366775,69,0,Siaga
Mahasiswa1585,3.951142080859549,40,1,Bermasalah
Mahasiswa1586,0.5457590102269325,66,0,Siaga
Mahasiswa1587,2.780578216190375,96,0,Siaga
Mahasiswa1588,1.6172750724171685,0,0,Siaga
Mahasiswa1589,1.712798459702459,50,1,Bermasalah
Mahasiswa1590,2.870391062632705,4,0,Siaga
Mahasiswa1591,2.7697446052974786,12,0,Siaga
Mahasiswa1592,3.9650239748087532,18,0,Siaga
Mahasiswa1593,0.5135771578165009,11,1,Bermasalah
Mahasiswa1594,0.41643859753666534,47,1,Bermasalah
Mahasiswa1595,2.8973552685149646,24,1,Bermasalah
Mahasiswa1596,2.3135476680256364,56,0,Siaga
Mahasiswa1597,1.0966426662392235,34,1,Bermasalah
Mahasiswa1598,0.3176774759559464,75,1,Bermasalah
Mahasiswa1599,0.34263299838572214,93,0,Siaga
Mahasiswa1600,3.576763498656473,4,0,Siaga
Mahasiswa1601,0.7674692988749716,97,1,Bermasalah
Mahasiswa1602,1.293486248462083,21,1,Bermasalah
Mahasiswa1603,0.9066256089079521,76,0,Siaga
Mahasiswa1604,1.4199852233277492,56,1,Bermasalah
Mahasiswa1605,0.27769537098437347,46,0,Siaga
Mahasiswa1606,2.0762391636330815,53,0,Siaga
Mahasiswa1607,0.2704502543688596,2,1,Bermasalah
Mahasiswa1608,3.2014260312894463,52,1,Bermasalah
Mahasiswa1609,0.9348483276417321,83,1,Bermasalah
Mahasiswa1610,2.1600476584180424,30,1,Bermasalah
Mahasiswa1611,3.520316350245833,68,0,Siaga
Mahasiswa1612,2.6035094761887767,87,1,Siaga
Mahasiswa1613,2.131831146205341,32,1,Bermasalah
Mahasiswa1614,1.2973350124615024,71,1,Bermasalah
Mahasiswa1615,1.3320076522327917,87,0,Siaga
Mahasiswa1616,2.6779478207927605,49,1,Bermasalah
Mahasiswa1617,3.97655744488467,83,1,Aman
Mahasiswa1618,2.6473567593975145,15,0,Siaga
Mahasiswa1619,2.2311336694800996,75,0,Siaga
Mahasiswa1620,2.9226020409569844,76,0,Siaga
Mahasiswa1621,1.8608224491348726,38,0,Siaga
Mahasiswa1622,0.24056937040314086,88,0,Siaga
Mahasiswa1623,2.2491872635116392,45,1,Bermasalah
Mahasiswa1624,3.830501138021521,95,0,Aman
Mahasiswa1625,0.7012117694306386,87,0,Siaga
Mahasiswa1626,2.760019563282663,46,0,Siaga
Mahasiswa1627,0.8037347546362259,43,0,Siaga
Mahasiswa1628,2.143310737892325,8,0,Siaga
Mahasiswa1629,0.3867057985868785,86,0,Siaga
Mahasiswa1630,1.8014837450327406,49,0,Siaga
Mahasiswa1631,3.0246533155809843,76,0,Aman
Mahasiswa1632,1.3902860969559283,59,1,Bermasalah
Mahasiswa1633,2.659646897948872,95,1,Siaga
Mahasiswa1634,3.1817998431589167,14,1,Bermasalah
Mahasiswa1635,3.7087112779178106,35,0,Siaga
Mahasiswa1636,0.9385683274218142,62,0,Siaga
Mahasiswa1637,1.5972636632372326,68,0,Siaga
Mahasiswa1638,0.6096640533216697,85,1,Bermasalah
Mahasiswa1639,3.969934008633501,79,0,Aman
Mahasiswa1640,3.7080038716971813,40,0,Siaga
Mahasiswa1641,2.1598285211222383,73,0,Siaga
Mahasiswa1642,3.368133177505685,23,1,Bermasalah
Mahasiswa1643,2.0838319090881687,81,1,Bermasalah
Mahasiswa1644,2.494342752011039,48,0,Siaga
Mahasiswa1645,0.35649772846406647,17,1,Bermasalah
Mahasiswa1646,3.0210816819872317,6,0,Siaga
Mahasiswa1647,0.5108539345409393,3,0,Siaga
Mahasiswa1648,3.3042705210101135,89,1,Aman
Mahasiswa1649,3.1281123506815436,68,1,Siaga
Mahasiswa1650,2.8349787909719057,59,1,Siaga
Mahasiswa1651,0.14464152209904846,54,1,Bermasalah
Mahasiswa1652,1.2125134237813144,15,0,Siaga
Mahasiswa1653,1.0524502796433715,98,0,Siaga
Mahasiswa1654,1.4405456298860764,89,1,Bermasalah
Mahasiswa1655,0.35057098705535417,81,1,Bermasalah
Mahasiswa1656,3.747831292124251,28,0,Siaga
Mahasiswa1657,2.215208962849505,22,0,Siaga
Mahasiswa1658,1.2220972426320942,13,0,Siaga
Mahasiswa1659,1.5879260682971337,78,0,Siaga
Mahasiswa1660,1.7888101620193426,48,1,Bermasalah
Mahasiswa1661,2.402377333442469,32,1,Bermasalah
Mahasiswa1662,2.062717710785991,24,1,Bermasalah
Mahasiswa1663,3.6775678928576694,20,0,Siaga
Mahasiswa1664,1.987853931623321,16,0,Siaga
Mahasiswa1665,3.9686320592932507,22,1,Bermasalah
Mahasiswa1666,3.405699830980383,56,1,Siaga
Mahasiswa1667,0.8340420574293432,80,1,Bermasalah
Mahasiswa1668,3.722380858575665,57,0,Siaga
Mahasiswa1669,0.46546559154190437,13,1,Bermasalah
Mahasiswa1670,3.2697988339647663,92,0,Aman
Mahasiswa1671,1.5224931739063203,19,1,Bermasalah
Mahasiswa1672,3.511897281780278,29,1,Bermasalah
Mahasiswa1673,3.4722267604298014,18,1,Bermasalah
Mahasiswa1674,3.2237016004704846,52,0,Siaga
Mahasiswa1675,3.1601217452282455,55,0,Siaga
Mahasiswa1676,1.2187165563921631,76,0,Siaga
Mahasiswa1677,0.3236771322050087,81,0,Siaga
Mahasiswa1678,1.6119207150606458,22,0,Siaga
Mahasiswa1679,0.6940980599460347,61,0,Siaga
Mahasiswa1680,2.779804355609847,32,1,Bermasalah
Mahasiswa1681,1.3843989061511421,17,0,Siaga
Mahasiswa1682,3.9024408034396596,72,1,Aman
Mahasiswa1683,2.563888309381328,32,0,Siaga
Mahasiswa1684,3.289922254537444,31,1,Bermasalah
Mahasiswa1685,0.5300986909673937,60,1,Bermasalah
Mahasiswa1686,3.4480579290904902,53,0,Siaga
Mahasiswa1687,3.6910287620535773,16,1,Bermasalah
Mahasiswa1688,1.9482476752757436,18,0,Siaga
Mahasiswa1689,2.4250117510039098,90,0,Siaga
Mahasiswa1690,3.0592392036119818,69,0,Siaga
Mahasiswa1691,0.6993545090416502,98,0,Siaga
Mahasiswa1692,2.0102643058537697,100,1,Bermasalah
Mahasiswa1693,1.5946521110892524,33,0,Siaga
Mahasiswa1694,0.5854959686489964,83,1,Bermasalah
Mahasiswa1695,1.4701376891661257,24,1,Bermasalah
Mahasiswa1696,0.27268923754197427,67,1,Bermasalah
Mahasiswa1697,0.10324762779794794,73,0,Siaga
Mahasiswa1698,0.540665156619291,73,1,Bermasalah
Mahasiswa1699,3.8524604463566954,87,0,Aman
Mahasiswa1700,2.198118143580068,84,1,Bermasalah
Mahasiswa1701,3.86328864461288,10,0,Siaga
Mahasiswa1702,1.729991513320528,90,0,Siaga
Mahasiswa1703,1.2472645323410383,15,0,Siaga
Mahasiswa1704,2.0245674513609764,89,0,Siaga
Mahasiswa1705,1.7580467545316405,60,1,Bermasalah
Mahasiswa1706,0.42265873704697565,93,1,Bermasalah
Mahasiswa1707,2.563305258760825,79,0,Siaga
Mahasiswa1708,0.8641527300383984,6,1,Bermasalah
Mahasiswa1709,2.4783518195913183,15,0,Siaga
Mahasiswa1710,2.6008043695926135,98,0,Siaga
Mahasiswa1711,0.6080994125145924,15,1,Bermasalah
Mahasiswa1712,0.24539850844267264,39,0,Siaga
Mahasiswa1713,3.1230463442737593,11,0,Siaga
Mahasiswa1714,1.8392016950772807,34,0,Siaga
Mahasiswa1715,0.23265518202190316,20,0,Siaga
Mahasiswa1716,3.9794652686790686,49,0,Siaga
Mahasiswa1717,0.23112224398546655,42,1,Bermasalah
Mahasiswa1718,2.7801409154342127,99,1,Siaga
Mahasiswa1719,3.9347157010536544,16,1,Bermasalah
Mahasiswa1720,0.9567204168637025,31,0,Siaga
Mahasiswa1721,0.5689974747487847,40,0,Siaga
Mahasiswa1722,0.4855397576897156,5,0,Siaga
Mahasiswa1723,1.2131005902703822,87,0,Siaga
Mahasiswa1724,0.40418324404258676,26,0,Siaga
Mahasiswa1725,2.7686453667765276,19,0,Siaga
Mahasiswa1726,0.24916719252025077,24,1,Bermasalah
Mahasiswa1727,2.037688512599159,65,0,Siaga
Mahasiswa1728,3.986787415411907,8,1,Bermasalah
Mahasiswa1729,3.2558810780240752,91,0,Aman
Mahasiswa1730,2.4608777529240435,52,1,Bermasalah
Mahasiswa1731,1.2250144831464467,60,0,Siaga
Mahasiswa1732,2.495583345166554,37,1,Bermasalah
Mahasiswa1733,2.1081658556466065,2,1,Bermasalah
Mahasiswa1734,1.704333535561486,83,0,Siaga
Mahasiswa1735,0.5228415069607979,69,0,Siaga
Mahasiswa1736,3.546416860961867,96,1,Aman
Mahasiswa1737,1.79913859528529,54,0,Siaga
Mahasiswa1738,0.7784900472830603,0,0,Siaga
Mahasiswa1739,1.4710374035091585,100,0,Siaga
Mahasiswa1740,1.6565190101157081,69,1,Bermasalah
Mahasiswa1741,3.310151582267497,44,0,Siaga
Mahasiswa1742,2.934457522245608,97,1,Siaga
Mahasiswa1743,3.077219574565359,46,1,Bermasalah
Mahasiswa1744,0.044125057714588856,78,0,Siaga
Mahasiswa1745,1.664615992719046,25,1,Bermasalah
Mahasiswa1746,1.9253766065412945,13,0,Siaga
Mahasiswa1747,0.07676910729222675,53,0,Siaga
Mahasiswa1748,1.0392528349801369,70,1,Bermasalah
Mahasiswa1749,3.04115929248854,45,1,Bermasalah
Mahasiswa1750,0.5484388229159962,30,1,Bermasalah
Mahasiswa1751,2.1412405258103666,87,1,Bermasalah
Mahasiswa1752,0.86080748806895,58,1,Bermasalah
Mahasiswa1753,0.04848309857557309,94,0,Siaga
Mahasiswa1754,0.9648058303981659,28,1,Bermasalah
Mahasiswa1755,3.903495019640215,95,0,Aman
Mahasiswa1756,3.2061484475319584,16,0,Siaga
Mahasiswa1757,3.8383065772841336,13,1,Bermasalah
Mahasiswa1758,1.9514161757054498,35,1,Bermasalah
Mahasiswa1759,0.438944794710014,57,1,Bermasalah
Mahasiswa1760,2.191837955894772,23,1,Bermasalah
Mahasiswa1761,1.8175093382398435,62,1,Bermasalah
Mahasiswa1762,3.377428330958464,90,0,Aman
Mahasiswa1763,0.39233032313697835,24,0,Siaga
Mahasiswa1764,1.9529645480871127,58,0,Siaga
Mahasiswa1765,0.600194658775937,31,1,Bermasalah
Mahasiswa1766,1.29870370756024,81,1,Bermasalah
Mahasiswa1767,2.9494283095511986,17,0,Siaga
Mahasiswa1768,1.9040725174750661,36,1,Bermasalah
Mahasiswa1769,1.5035531405830773,25,1,Bermasalah
Mahasiswa1770,1.5779051142801412,8,1,Bermasalah
Mahasiswa1771,1.8377870736239466,98,0,Siaga
Mahasiswa1772,3.1400661753482275,63,1,Siaga
Mahasiswa1773,3.5683387557609376,71,0,Aman
Mahasiswa1774,3.821338746015713,19,1,Bermasalah
Mahasiswa1775,3.1476135450211804,53,1,Bermasalah
Mahasiswa1776,1.261627582992051,85,0,Siaga
Mahasiswa1777,2.7525388243461686,82,1,Siaga
Mahasiswa1778,1.7504124962215677,29,1,Bermasalah
Mahasiswa1779,1.0186824881842047,52,1,Bermasalah
Mahasiswa1780,3.3634863177036904,91,0,Aman
Mahasiswa1781,0.15370539584929999,98,1,Bermasalah
Mahasiswa1782,3.607047968541694,62,1,Siaga
Mahasiswa1783,1.8459098584989366,10,1,Bermasalah
Mahasiswa1784,2.5488059072331217,30,1,Bermasalah
Mahasiswa1785,2.637415688823131,48,1,Bermasalah
Mahasiswa1786,3.5804709628261455,99,0,Aman
Mahasiswa1787,2.5466787286688293,93,0,Siaga
Mahasiswa1788,2.455734339040247,86,1,Bermasalah
Mahasiswa1789,0.26660816224275985,18,1,Bermasalah
Mahasiswa1790,2.0736320877808163,11,0,Siaga
Mahasiswa1791,0.6006760032681666,14,1,Bermasalah
Mahasiswa1792,2.9497350748859423,30,1,Bermasalah
Mahasiswa1793,2.048887683250698,42,1,Bermasalah
Mahasiswa1794,2.7209111168334132,100,1,Siaga
Mahasiswa1795,0.16669160240953707,36,1,Bermasalah
Mahasiswa1796,0.3391680641832129,78,1,Bermasalah
Mahasiswa1797,2.865293552250729,28,1,Bermasalah
Mahasiswa1798,0.28833734399469346,25,1,Bermasalah
Mahasiswa1799,0.2850269110610344,1,0,Siaga
Mahasiswa1800,0.0484339009395498,83,0,Siaga
Mahasiswa1801,3.8260055931979204,14,1,Bermasalah
Mahasiswa1802,2.950033437836028,3,1,Bermasalah
Mahasiswa1803,1.4130056340082566,85,1,Bermasalah
Mahasiswa1804,1.186142325150621,49,1,Bermasalah
Mahasiswa1805,1.3988129189833982,37,0,Siaga
Mahasiswa1806,3.0986141247247274,22,0,Siaga
Mahasiswa1807,2.6454824442816576,58,0,Aman
Mahasiswa1808,0.7407822714698717,89,0,Siaga
Mahasiswa1809,0.6964373413363374,74,1,Bermasalah
Mahasiswa1810,0.39358259885358926,27,1,Bermasalah
Mahasiswa1811,2.6412108788053525,65,1,Siaga
Mahasiswa1812,3.0574906488869438,7,0,Siaga
Mahasiswa1813,1.060185713300016,28,1,Bermasalah
Mahasiswa1814,0.08377984412365125,10,1,Bermasalah
Mahasiswa1815,0.3286866699057094,100,0,Siaga
Mahasiswa1816,3.871440139380122,17,0,Siaga
Mahasiswa1817,1.181779109909681,54,0,Siaga
Mahasiswa1818,3.0768925913525345,49,0,Siaga
Mahasiswa1819,2.498654275417055,13,0,Siaga
Mahasiswa1820,1.5277585586115836,73,1,Bermasalah
Mahasiswa1821,0.8227490487822204,98,1,Bermasalah
Mahasiswa1822,0.4855456726376257,8,0,Siaga
Mahasiswa1823,2.4600518721554665,98,1,Bermasalah
Mahasiswa1824,3.098535122551152,10,1,Bermasalah
Mahasiswa1825,2.5756170141645227,62,1,Siaga
Mahasiswa1826,2.1212085329966333,75,1,Bermasalah
Mahasiswa1827,0.16780489372654506,66,0,Siaga
Mahasiswa1828,3.873955110377535,52,1,Bermasalah
Mahasiswa1829,3.1948567666182983,38,1,Bermasalah
Mahasiswa1830,1.171288146803859,77,1,Bermasalah
Mahasiswa1831,3.9198813174354026,55,0,Siaga
Mahasiswa1832,2.4075263585452884,27,1,Bermasalah
Mahasiswa1833,2.329690632828986,74,0,Siaga
Mahasiswa1834,2.9922927177181284,38,0,Siaga
Mahasiswa1835,3.2470791523605502,24,0,Siaga
Mahasiswa1836,2.6259144293260106,20,0,Siaga
Mahasiswa1837,0.5123829854648001,9,1,Bermasalah
Mahasiswa1838,1.3530700239779936,42,0,Siaga
Mahasiswa1839,3.712334561304199,14,0,Siaga
Mahasiswa1840,0.8984624473754077,82,0,Siaga
Mahasiswa1841,1.4886680953500533,47,0,Siaga
Mahasiswa1842,1.728307531776784,85,0,Siaga
Mahasiswa1843,1.7576199587778087,20,1,Bermasalah
Mahasiswa1844,2.451758329978102,59,0,Siaga
Mahasiswa1845,3.7723033509788304,95,1,Aman
Mahasiswa1846,0.9627708473300198,49,1,Bermasalah
Mahasiswa1847,0.48600550520367225,22,0,Siaga
Mahasiswa1848,0.7898819594397493,12,1,Bermasalah
Mahasiswa1849,3.547699600837078,68,1,Siaga
Mahasiswa1850,2.583243250620824,3,1,Bermasalah
Mahasiswa1851,1.1436271569566405,91,0,Siaga
Mahasiswa1852,3.263787755874469,77,0,Aman
Mahasiswa1853,3.445479985453744,71,0,Aman
Mahasiswa1854,3.386057354761112,8,0,Siaga
Mahasiswa1855,3.675706134558218,34,0,Siaga
Mahasiswa1856,1.0089640806934463,100,0,Siaga
Mahasiswa1857,3.020167714985113,20,0,Siaga
Mahasiswa1858,1.84215798909656,57,1,Bermasalah
Mahasiswa1859,3.367994211560246,17,1,Bermasalah
Mahasiswa1860,2.913962708646453,96,0,Siaga
Mahasiswa1861,3.1057897859988985,71,1,Aman
Mahasiswa1862,2.624647350724286,80,0,Siaga
Mahasiswa1863,0.7097150778788275,42,0,Siaga
Mahasiswa1864,2.1801076755877533,94,0,Siaga
Mahasiswa1865,3.938678958098033,97,1,Aman
Mahasiswa1866,3.7495522659884757,5,0,Siaga
Mahasiswa1867,0.17269494318804668,85,0,Siaga
Mahasiswa1868,0.6592592629177485,77,0,Siaga
Mahasiswa1869,0.5269150938182476,66,0,Siaga
Mahasiswa1870,2.903919639941182,11,1,Bermasalah
Mahasiswa1871,3.2711413194277803,99,0,Aman
Mahasiswa1872,0.8540454652426877,11,1,Bermasalah
Mahasiswa1873,2.023410771807316,65,1,Bermasalah
Mahasiswa1874,3.3628121120448,1,0,Siaga
Mahasiswa1875,2.9312061790650024,14,0,Siaga
Mahasiswa1876,2.168948821967393,22,1,Bermasalah
Mahasiswa1877,2.3613907618350916,28,1,Bermasalah
Mahasiswa1878,2.03344218766512,80,1,Bermasalah
Mahasiswa1879,1.1901938052752823,95,1,Bermasalah
Mahasiswa1880,2.2600879714360644,6,0,Siaga
Mahasiswa1881,2.7555412082003627,93,1,Siaga
Mahasiswa1882,3.4932916634432307,27,1,Bermasalah
Mahasiswa1883,2.5451654159169923,13,1,Bermasalah
Mahasiswa1884,3.044486148172632,43,1,Bermasalah
Mahasiswa1885,0.640286539818292,29,0,Siaga
Mahasiswa1886,1.8462298976791596,80,0,Siaga
Mahasiswa1887,0.037326479308373184,31,0,Siaga
Mahasiswa1888,0.9867154580864921,69,1,Bermasalah
Mahasiswa1889,2.9058468604520193,87,1,Siaga
Mahasiswa1890,3.967239805397454,5,0,Siaga
Mahasiswa1891,0.3967123983488636,26,0,Siaga
Mahasiswa1892,1.605977263445153,81,1,Bermasalah
Mahasiswa1893,3.200283874796638,87,0,Aman
Mahasiswa1894,0.8161425385155954,100,1,Bermasalah
Mahasiswa1895,2.220339797209145,23,1,Bermasalah
Mahasiswa1896,2.932285184118699,33,1,Bermasalah
Mahasiswa1897,2.463941801040716,39,1,Bermasalah
Mahasiswa1898,0.7520989384616645,46,1,Bermasalah
Mahasiswa1899,1.4215382747429577,78,1,Bermasalah
Mahasiswa1900,3.135167137941589,74,0,Aman
Mahasiswa1901,2.2169060565280665,85,0,Siaga
Mahasiswa1902,0.020918454171650946,23,0,Siaga
Mahasiswa1903,3.0439630401123754,64,1,Siaga
Mahasiswa1904,0.14124541976095628,17,0,Siaga
Mahasiswa1905,2.9829351309249286,43,1,Bermasalah
Mahasiswa1906,0.8099222406609496,75,1,Bermasalah
Mahasiswa1907,3.832293920477521,56,1,Siaga
Mahasiswa1908,1.471763005208338,27,1,Bermasalah
Mahasiswa1909,1.3077264653523164,70,0,Siaga
Mahasiswa1910,0.5955522013297787,22,0,Siaga
Mahasiswa1911,1.2224168619608595,84,0,Siaga
Mahasiswa1912,3.5066030473128023,33,1,Bermasalah
Mahasiswa1913,3.9853373505089893,10,0,Siaga
Mahasiswa1914,1.4732381220273933,85,0,Siaga
Mahasiswa1915,1.7944425238181703,34,0,Siaga
Mahasiswa1916,2.888283752810948,92,1,Siaga
Mahasiswa1917,3.544783121860298,41,0,Siaga
Mahasiswa1918,2.3721773367471366,27,1,Bermasalah
Mahasiswa1919,1.5661027927113174,81,0,Siaga
Mahasiswa1920,1.650487363394495,77,1,Bermasalah
Mahasiswa1921,2.7824725859872275,81,0,Siaga
Mahasiswa1922,0.012873054417114727,91,0,Siaga
Mahasiswa1923,2.4783573498393627,23,0,Siaga
Mahasiswa1924,1.4219720417654296,7,1,Bermasalah
Mahasiswa1925,3.176789325108337,52,0,Siaga
Mahasiswa1926,0.37196255929252864,71,0,Siaga
Mahasiswa1927,2.352809067793562,3,1,Bermasalah
Mahasiswa1928,1.923891559544495,90,1,Bermasalah
Mahasiswa1929,2.5693021036209096,99,1,Siaga
Mahasiswa1930,0.2594143779318734,4,1,Bermasalah
Mahasiswa1931,2.319935149712525,96,0,Siaga
Mahasiswa1932,2.245938351838095,48,0,Siaga
Mahasiswa1933,2.2426403776646837,97,1,Bermasalah
Mahasiswa1934,2.4139506663858192,29,0,Siaga
Mahasiswa1935,2.705871748905449,71,1,Siaga
Mahasiswa1936,3.219955998723079,62,0,Siaga
Mahasiswa1937,1.0792828805128574,46,1,Bermasalah
Mahasiswa1938,3.3001976407202482,25,0,Siaga
Mahasiswa1939,1.9930227290538145,56,1,Bermasalah
Mahasiswa1940,0.30823311653732466,36,1,Bermasalah
Mahasiswa1941,0.2342037169759168,97,0,Siaga
Mahasiswa1942,1.3369532747842432,6,0,Siaga
Mahasiswa1943,3.13958790844587,39,0,Siaga
Mahasiswa1944,2.830723738963663,91,1,Siaga
Mahasiswa1945,3.1544598586896258,38,0,Siaga
Mahasiswa1946,2.0690762257664375,61,1,Bermasalah
Mahasiswa1947,1.7607959918219622,91,0,Siaga
Mahasiswa1948,0.5898101068251358,77,0,Siaga
Mahasiswa1949,1.3127710144372462,52,1,Bermasalah
Mahasiswa1950,1.736077464695501,3,1,Bermasalah
Mahasiswa1951,0.3544017187184689,81,0,Siaga
Mahasiswa1952,0.882447810844845,24,1,Bermasalah
Mahasiswa1953,2.3929011762549552,6,1,Bermasalah
Mahasiswa1954,2.9426524569567594,27,0,Siaga
Mahasiswa1955,3.9933900455717986,68,1,Siaga
Mahasiswa1956,3.7324533253742307,66,0,Siaga
Mahasiswa1957,2.570260798140766,94,0,Siaga
Mahasiswa1958,1.684992213176288,19,1,Bermasalah
Mahasiswa1959,2.544709458832931,82,0,Siaga
Mahasiswa1960,3.142606472320928,10,1,Bermasalah
Mahasiswa1961,0.4733447636935493,66,0,Siaga
Mahasiswa1962,1.639619558785153,86,1,Bermasalah
Mahasiswa1963,3.359209142542469,6,1,Bermasalah
Mahasiswa1964,1.535331807732176,22,1,Bermasalah
Mahasiswa1965,2.287489084908746,60,1,Bermasalah
Mahasiswa1966,2.351077443448793,70,1,Bermasalah
Mahasiswa1967,0.7379050125345574,33,0,Siaga
Mahasiswa1968,1.4489417666091535,18,0,Siaga
Mahasiswa1969,1.3380451549677286,57,1,Bermasalah
Mahasiswa1970,0.10478683412825918,8,0,Siaga
Mahasiswa1971,0.09676705556542098,47,1,Bermasalah
Mahasiswa1972,3.326788174703094,81,1,Aman
Mahasiswa1973,1.0922832398912496,40,0,Siaga
Mahasiswa1974,2.0723150649552617,47,0,Siaga
Mahasiswa1975,1.1949022943550922,44,1,Bermasalah
Mahasiswa1976,3.762716980461362,24,1,Bermasalah
Mahasiswa1977,1.037187035463095,77,1,Bermasalah
Mahasiswa1978,1.7186272509557403,24,1,Bermasalah
Mahasiswa1979,3.4909210019384074,18,1,Bermasalah
Mahasiswa1980,3.3677342671672346,38,1,Bermasalah
Mahasiswa1981,0.7444056713851093,78,0,Siaga
Mahasiswa1982,3.2105732391828417,79,1,Aman
Mahasiswa1983,1.8327475469515706,26,1,Bermasalah
Mahasiswa1984,1.9318754883414209,73,0,Siaga
Mahasiswa1985,0.5339198896637751,62,1,Bermasalah
Mahasiswa1986,0.3224060550284986,67,1,Bermasalah
Mahasiswa1987,2.9117572278950608,18,0,Siaga
Mahasiswa1988,1.985844609421199,27,1,Bermasalah
Mahasiswa1989,1.7474028104607182,84,0,Siaga
Mahasiswa1990,2.918032914609587,77,1,Siaga
Mahasiswa1991,3.062051595964439,32,0,Siaga
Mahasiswa1992,0.6356326706774142,9,0,Siaga
Mahasiswa1993,2.440900597910565,82,0,Siaga
Mahasiswa1994,0.5414163291107421,29,1,Bermasalah
Mahasiswa1995,3.0055003441161827,21,1,Bermasalah
Mahasiswa1996,2.627820625068558,2,0,Siaga
Mahasiswa1997,3.826458484333832,100,0,Aman
Mahasiswa1998,0.2758320654256847,81,1,Bermasalah
Mahasiswa1999,0.22821888460501727,74,1,Bermasalah
Mahasiswa2000,1.1287482987728006,47,1,Bermasalah
Mahasiswa2001,1.0468227349436239,1,1,Bermasalah
Mahasiswa2002,0.9879151962879993,75,1,Bermasalah
Mahasiswa2003,3.6250183220841468,53,0,Siaga
Mahasiswa2004,0.9981847993980244,5,1,Bermasalah
Mahasiswa2005,1.087798904514524,39,0,Siaga
Mahasiswa2006,3.037593049671855,92,1,Aman
Mahasiswa2007,1.79895936980216,93,0,Siaga
Mahasiswa2008,3.106842227820725,1,0,Siaga
Mahasiswa2009,0.26146463025754096,72,1,Bermasalah
Mahasiswa2010,1.9502847746935372,1,0,Siaga
Mahasiswa2011,0.13445440073313053,92,0,Siaga
Mahasiswa2012,0.2506128138214181,96,0,Siaga
Mahasiswa2013,3.625749813377644,73,0,Aman
Mahasiswa2014,0.5569814844703807,97,1,Bermasalah
Mahasiswa2015,2.1296827291008684,54,0,Siaga
Mahasiswa2016,1.6443824104028262,71,1,Bermasalah
Mahasiswa2017,1.3893733050353707,100,0,Siaga
Mahasiswa2018,3.59933338274909,59,1,Siaga
Mahasiswa2019,0.087293587101958,96,1,Bermasalah
Mahasiswa2020,2.6551587447023564,5,1,Bermasalah
Mahasiswa2021,3.8535777368542017,18,0,Siaga
Mahasiswa2022,2.2406727338473678,95,1,Bermasalah
Mahasiswa2023,3.7472898481323673,26,1,Bermasalah
Mahasiswa2024,0.20903151714409507,0,0,Siaga
Mahasiswa2025,1.6751732762966456,32,1,Bermasalah
Mahasiswa2026,1.0406311638482046,39,0,Siaga
Mahasiswa2027,2.923283859922919,31,0,Siaga
Mahasiswa2028,3.9251883619889867,68,1,Siaga
Mahasiswa2029,1.0261202497769912,16,0,Siaga
Mahasiswa2030,2.616698405896298,7,0,Siaga
Mahasiswa2031,0.7923905310389605,56,0,Siaga
Mahasiswa2032,2.2613210182864396,41,1,Bermasalah
Mahasiswa2033,1.8557299467533448,97,0,Siaga
Mahasiswa2034,3.8880213185261483,8,0,Siaga
Mahasiswa2035,2.4341090907858662,86,0,Siaga
Mahasiswa2036,1.3980254883472751,34,1,Bermasalah
Mahasiswa2037,0.4563831395517335,70,0,Siaga
Mahasiswa2038,0.6049873149397382,78,1,Bermasalah
Mahasiswa2039,0.9012677198049404,52,0,Siaga
Mahasiswa2040,1.003866645361192,53,1,Bermasalah
Mahasiswa2041,3.4024642313645512,83,1,Aman
Mahasiswa2042,2.2448911531300997,24,1,Bermasalah
Mahasiswa2043,2.0935636454974658,66,0,Siaga
Mahasiswa2044,0.4590754874768699,61,0,Siaga
Mahasiswa2045,3.44055877339774,54,0,Siaga
Mahasiswa2046,2.891257212833935,45,1,Bermasalah
Mahasiswa2047,0.27067344760000633,23,0,Siaga
Mahasiswa2048,2.8313403889190747,97,0,Siaga
Mahasiswa2049,2.1741528693705843,45,1,Bermasalah
Mahasiswa2050,0.326901382987113,21,0,Siaga
Mahasiswa2051,1.8332025661146258,10,0,Siaga
Mahasiswa2052,1.938785148520188,47,1,Bermasalah
Mahasiswa2053,0.663098160653103,7,1,Bermasalah
Mahasiswa2054,3.7827925880011293,38,0,Siaga
Mahasiswa2055,3.3999014859226477,34,1,Bermasalah
Mahasiswa2056,2.6760893493164333,48,0,Siaga
Mahasiswa2057,1.8491822440024288,45,0,Siaga
Mahasiswa2058,1.647062166338034,37,0,Siaga
Mahasiswa2059,2.6038938686038167,7,0,Siaga
Mahasiswa2060,2.181727477627622,53,0,Siaga
Mahasiswa2061,0.24909242352754246,36,1,Bermasalah
Mahasiswa2062,2.0500105950813268,90,1,Bermasalah
Mahasiswa2063,3.225614468931358,91,0,Aman
Mahasiswa2064,1.8369595103878322,39,1,Bermasalah
Mahasiswa2065,0.20782631021707365,33,1,Bermasalah
Mahasiswa2066,3.1451127975361324,95,0,Aman
Mahasiswa2067,0.8054551285438976,78,1,Bermasalah
Mahasiswa2068,1.034483339552155,16,1,Bermasalah
Mahasiswa2069,0.6588254137291836,32,0,Siaga
Mahasiswa2070,1.3208602594859902,46,0,Siaga
Mahasiswa2071,3.02700602275454,51,0,Siaga
Mahasiswa2072,2.0775434380157494,79,0,Siaga
Mahasiswa2073,0.8195250966028502,92,0,Siaga
Mahasiswa2074,3.5113203126081634,8,0,Siaga
Mahasiswa2075,3.5183274198061167,32,0,Siaga
Mahasiswa2076,3.4823137001840276,59,1,Siaga
Mahasiswa2077,0.9551848455261571,92,0,Siaga
Mahasiswa2078,1.8049573767239524,76,1,Bermasalah
Mahasiswa2079,3.9399586245635003,20,1,Bermasalah
Mahasiswa2080,3.0880499052399615,57,0,Siaga
Mahasiswa2081,0.10866968490223927,84,1,Bermasalah
Mahasiswa2082,0.2608183650419682,68,1,Bermasalah
Mahasiswa2083,1.855725507249331,9,1,Bermasalah
Mahasiswa2084,3.6368808234462406,5,0,Siaga
Mahasiswa2085,2.154807191810857,12,1,Bermasalah
Mahasiswa2086,1.991250032137161,64,1,Bermasalah
Mahasiswa2087,0.42189479982652234,19,0,Siaga
Mahasiswa2088,2.627120418897176,56,1,Siaga
Mahasiswa2089,3.288412642400902,45,1,Bermasalah
Mahasiswa2090,1.5216800300302493,7,1,Bermasalah
Mahasiswa2091,3.10244740370131,9,1,Bermasalah
Mahasiswa2092,3.8579066156032464,72,1,Aman
Mahasiswa2093,0.8150658365107564,66,0,Siaga
Mahasiswa2094,2.093318524778965,10,1,Bermasalah
Mahasiswa2095,1.1485518323383022,11,0,Siaga
Mahasiswa2096,3.1714176761353574,9,1,Bermasalah
Mahasiswa2097,2.31037346352463,24,0,Siaga
Mahasiswa2098,2.538329670201215,48,0,Siaga
Mahasiswa2099,3.1916566384635763,48,0,Siaga
Mahasiswa2100,1.5838818906498195,88,1,Bermasalah
Mahasiswa2101,3.660360273628173,10,1,Bermasalah
Mahasiswa2102,2.13211546898456,61,1,Bermasalah
Mahasiswa2103,0.631819291341392,35,1,Bermasalah
Mahasiswa2104,2.78359647267521,38,1,Bermasalah
Mahasiswa2105,3.1730454017530176,52,0,Siaga
Mahasiswa2106,1.2670467082701067,89,0,Siaga
Mahasiswa2107,3.428717027995012,77,0,Aman
Mahasiswa2108,3.6245730190630656,55,1,Siaga
Mahasiswa2109,1.1076179495112357,0,1,Bermasalah
Mahasiswa2110,3.9340858908608882,55,0,Siaga
Mahasiswa2111,0.5628461121950337,3,1,Bermasalah
Mahasiswa2112,0.8080626736099599,29,1,Bermasalah
Mahasiswa2113,0.7368993569521045,11,0,Siaga
Mahasiswa2114,3.5759588400314817,34,0,Siaga
Mahasiswa2115,2.6171702092998474,76,1,Siaga
Mahasiswa2116,0.6084171328890915,51,1,Bermasalah
Mahasiswa2117,1.761293673473396,30,0,Siaga
Mahasiswa2118,2.461192100279208,86,1,Bermasalah
Mahasiswa2119,0.33385633995753317,67,0,Siaga
Mahasiswa2120,3.529665473629355,51,0,Siaga
Mahasiswa2121,3.2144141417661407,79,0,Aman
Mahasiswa2122,2.020827094306553,6,1,Bermasalah
Mahasiswa2123,3.8685064610366817,21,0,Siaga
Mahasiswa2124,1.6710439171003988,92,0,Siaga
Mahasiswa2125,3.9364412761459913,74,1,Aman
Mahasiswa2126,2.6716799952145083,55,0,Aman
Mahasiswa2127,2.538685093015766,96,1,Siaga
Mahasiswa2128,0.66381958118314,57,1,Bermasalah
Mahasiswa2129,3.527711033218576,92,1,Aman
Mahasiswa2130,1.7099587516824606,63,0,Siaga
Mahasiswa2131,0.6489336231299174,11,0,Siaga
Mahasiswa2132,0.05043007990303616,6,1,Bermasalah
Mahasiswa2133,2.2390227345535303,54,1,Bermasalah
Mahasiswa2134,2.1095984884907053,61,1,Bermasalah
Mahasiswa2135,2.8774144894766343,89,0,Siaga
Mahasiswa2136,3.5610322120712086,72,1,Aman
Mahasiswa2137,0.3176263385721181,97,1,Bermasalah
Mahasiswa2138,2.9259859613614494,76,1,Siaga
Mahasiswa2139,0.7496477763903289,54,0,Siaga
Mahasiswa2140,3.432708212628656,35,1,Bermasalah
Mahasiswa2141,3.2762540554466244,88,0,Aman
Mahasiswa2142,2.1631750199421775,23,0,Siaga
Mahasiswa2143,2.840971194493246,43,1,Bermasalah
Mahasiswa2144,1.2574004527349936,16,1,Bermasalah
Mahasiswa2145,1.8846715957312585,1,1,Bermasalah
Mahasiswa2146,3.2865475908418866,12,0,Siaga
Mahasiswa2147,1.8370607886928556,30,0,Siaga
Mahasiswa2148,1.4311930613017672,92,0,Siaga
Mahasiswa2149,1.9768497890011996,27,1,Bermasalah
Mahasiswa2150,3.3129970097488735,59,0,Siaga
Mahasiswa2151,1.340832189483491,26,1,Bermasalah
Mahasiswa2152,0.6950463725429752,14,1,Bermasalah
Mahasiswa2153,2.848056081323123,94,1,Siaga
Mahasiswa2154,3.303912850832327,78,0,Aman
Mahasiswa2155,0.4025499140941333,32,0,Siaga
Mahasiswa2156,0.9594964510237789,19,0,Siaga
Mahasiswa2157,0.5678879590439756,41,1,Bermasalah
Mahasiswa2158,1.3917656463286665,11,0,Siaga
Mahasiswa2159,1.8014039156216506,100,0,Siaga
Mahasiswa2160,2.995305347853226,72,1,Siaga
Mahasiswa2161,2.6045903395266965,22,1,Bermasalah
Mahasiswa2162,2.4837142699137247,71,0,Siaga
Mahasiswa2163,1.4094997864386176,95,1,Bermasalah
Mahasiswa2164,3.3657902123390397,13,0,Siaga
Mahasiswa2165,1.8851486695926583,90,1,Bermasalah
Mahasiswa2166,3.916419752060618,24,1,Bermasalah
Mahasiswa2167,2.5365685531829474,76,0,Siaga
Mahasiswa2168,0.5050589662580109,84,1,Bermasalah
Mahasiswa2169,2.704710248301736,30,1,Bermasalah
Mahasiswa2170,1.300416061726796,100,1,Bermasalah
Mahasiswa2171,2.7453087867443897,53,0,Siaga
Mahasiswa2172,0.27856459264962297,4,1,Bermasalah
Mahasiswa2173,0.6995257487038375,12,1,Bermasalah
Mahasiswa2174,3.4229490356231453,27,0,Siaga
Mahasiswa2175,0.9087182280940596,42,0,Siaga
Mahasiswa2176,3.34816450097176,88,1,Aman
Mahasiswa2177,1.1171043538176417,98,1,Bermasalah
Mahasiswa2178,2.5715276402348306,46,1,Bermasalah
Mahasiswa2179,2.776602294039324,70,0,Siaga
Mahasiswa2180,2.0506190125802117,37,1,Bermasalah
Mahasiswa2181,1.2212427067869251,95,0,Siaga
Mahasiswa2182,0.8505775054843845,66,0,Siaga
Mahasiswa2183,0.13275741824970488,61,1,Bermasalah
Mahasiswa2184,1.2157856049628952,38,1,Bermasalah
Mahasiswa2185,2.612651162125132,36,0,Siaga
Mahasiswa2186,3.7532192737939307,85,1,Aman
Mahasiswa2187,3.484817929052208,7,1,Bermasalah
Mahasiswa2188,3.0642591061412103,80,0,Aman
Mahasiswa2189,3.1537893730131947,51,1,Bermasalah
Mahasiswa2190,2.659939613903981,90,0,Siaga
Mahasiswa2191,1.041147430264012,32,1,Bermasalah
Mahasiswa2192,3.6287801228233194,80,0,Aman
Mahasiswa2193,2.682929247623336,41,0,Siaga
Mahasiswa2194,2.24176252392176,75,1,Bermasalah
Mahasiswa2195,0.4439578768539243,26,0,Siaga
Mahasiswa2196,1.7882221752257017,7,0,Siaga
Mahasiswa2197,1.8414330848077052,22,1,Bermasalah
Mahasiswa2198,3.45825443809068,63,1,Siaga
Mahasiswa2199,2.186592880751154,92,1,Bermasalah
Mahasiswa2200,1.5216021958816386,19,0,Siaga
Mahasiswa2201,3.9072013140426374,15,0,Siaga
Mahasiswa2202,0.4428823733052627,16,0,Siaga
Mahasiswa2203,1.6901937132477785,79,1,Bermasalah
Mahasiswa2204,0.16809870068562116,18,0,Siaga
Mahasiswa2205,2.9596164830677214,7,0,Siaga
Mahasiswa2206,3.6723062087966025,37,1,Bermasalah
Mahasiswa2207,1.1201493182019577,37,0,Siaga
Mahasiswa2208,3.4333667071964835,52,1,Bermasalah
Mahasiswa2209,1.168872921847591,92,1,Bermasalah
Mahasiswa2210,3.643080646575661,99,1,Aman
Mahasiswa2211,3.0158476143871358,89,0,Aman
Mahasiswa2212,3.2196271073657545,30,0,Siaga
Mahasiswa2213,0.072026222401818,43,0,Siaga
Mahasiswa2214,3.851241428296104,59,1,Siaga
Mahasiswa2215,2.906683968281293,75,1,Siaga
Mahasiswa2216,1.2190043815445333,16,1,Bermasalah
Mahasiswa2217,3.3175786594353878,78,0,Aman
Mahasiswa2218,1.1260847936597198,72,0,Siaga
Mahasiswa2219,3.491015358264512,38,0,Siaga
Mahasiswa2220,0.45032156164774806,41,0,Siaga
Mahasiswa2221,2.814743909843183,47,0,Siaga
Mahasiswa2222,2.1627939065796413,11,1,Bermasalah
Mahasiswa2223,0.38613788078176325,95,0,Siaga
Mahasiswa2224,0.9675753130353559,88,1,Bermasalah
Mahasiswa2225,0.04961614510925916,17,1,Bermasalah
Mahasiswa2226,1.8750718618580233,78,0,Siaga
Mahasiswa2227,1.2050610430400015,95,1,Bermasalah
Mahasiswa2228,2.3934299371910353,5,0,Siaga
Mahasiswa2229,1.1889512308344687,42,0,Siaga
Mahasiswa2230,1.1996764460279388,34,1,Bermasalah
Mahasiswa2231,2.9727727949264136,97,0,Siaga
Mahasiswa2232,0.1925713439134138,53,0,Siaga
Mahasiswa2233,3.611579980767949,61,1,Siaga
Mahasiswa2234,3.409055497564726,68,1,Siaga
Mahasiswa2235,2.671218732905626,81,1,Siaga
Mahasiswa2236,2.372886280429537,15,1,Bermasalah
Mahasiswa2237,3.569209992558609,7,1,Bermasalah
Mahasiswa2238,0.7413207181148578,88,1,Bermasalah
Mahasiswa2239,0.31587664876331445,95,0,Siaga
Mahasiswa2240,0.9580406796381524,89,0,Siaga
Mahasiswa2241,3.178313114800761,85,0,Aman
Mahasiswa2242,0.1386810669059333,30,1,Bermasalah
Mahasiswa2243,2.3312273403339585,9,0,Siaga
Mahasiswa2244,3.9817500647652397,55,1,Siaga
Mahasiswa2245,3.4227843753501577,75,0,Aman
Mahasiswa2246,2.085782756174358,91,1,Bermasalah
Mahasiswa2247,0.2545636371465694,69,0,Siaga
Mahasiswa2248,3.3254940575428393,19,1,Bermasalah
Mahasiswa2249,2.395914032708842,4,1,Bermasalah
Mahasiswa2250,0.45973198823826733,22,1,Bermasalah
Mahasiswa2251,0.3754291392934248,8,1,Bermasalah
Mahasiswa2252,3.6385072777463696,57,0,Siaga
Mahasiswa2253,2.6768010517523138,58,0,Aman
Mahasiswa2254,3.317147197267022,92,1,Aman
Mahasiswa2255,3.5159156011290693,79,1,Aman
Mahasiswa2256,2.287089408193289,53,1,Bermasalah
Mahasiswa2257,2.069785407020165,45,0,Siaga
Mahasiswa2258,1.7217096412839608,21,1,Bermasalah
Mahasiswa2259,1.2677863511644771,63,1,Bermasalah
Mahasiswa2260,1.738383843434847,7,0,Siaga
Mahasiswa2261,3.0955186229206255,19,1,Bermasalah
Mahasiswa2262,2.4076937240605263,50,1,Bermasalah
Mahasiswa2263,3.5700931598193844,77,0,Aman
Mahasiswa2264,1.773520057516751,38,1,Bermasalah
Mahasiswa2265,2.428358314875016,36,1,Bermasalah
Mahasiswa2266,2.525230212367955,49,0,Siaga
Mahasiswa2267,2.366788649225302,33,1,Bermasalah
Mahasiswa2268,2.8105350923420653,74,0,Siaga
Mahasiswa2269,0.9497338734992251,32,1,Bermasalah
Mahasiswa2270,2.0494551101831626,30,1,Bermasalah
Mahasiswa2271,0.4168992112333907,53,1,Bermasalah
Mahasiswa2272,1.5380453105792502,43,1,Bermasalah
Mahasiswa2273,1.9506682744850576,33,1,Bermasalah
Mahasiswa2274,2.60889703818189,70,0,Siaga
Mahasiswa2275,3.802124210344814,61,1,Siaga
Mahasiswa2276,2.4026042661934235,22,1,Bermasalah
Mahasiswa2277,2.974375664706239,45,0,Siaga
Mahasiswa2278,2.025064237980811,55,0,Siaga
Mahasiswa2279,2.5364161255053252,6,1,Bermasalah
Mahasiswa2280,0.2837288645350937,88,0,Siaga
Mahasiswa2281,1.017566323367388,60,1,Bermasalah
Mahasiswa2282,1.4474123728205548,2,0,Siaga
Mahasiswa2283,1.8899734200260543,37,0,Siaga
Mahasiswa2284,0.18259498200953495,83,1,Bermasalah
Mahasiswa2285,0.5600963902132707,33,0,Siaga
Mahasiswa2286,1.1072572311652231,43,1,Bermasalah
Mahasiswa2287,3.8861307636042026,29,0,Siaga
Mahasiswa2288,1.325388028412203,16,0,Siaga
Mahasiswa2289,1.9281642324483301,58,0,Siaga
Mahasiswa2290,0.7843908509535717,9,1,Bermasalah
Mahasiswa2291,2.443120284303073,98,1,Bermasalah
Mahasiswa2292,1.1227328620638972,83,0,Siaga
Mahasiswa2293,0.8279703137537071,17,1,Bermasalah
Mahasiswa2294,2.0662905137839163,44,1,Bermasalah
Mahasiswa2295,0.022023196641683285,90,1,Bermasalah
Mahasiswa2296,0.03065613059690131,58,0,Siaga
Mahasiswa2297,0.8762752364074311,61,1,Bermasalah
Mahasiswa2298,0.14688545000328457,58,0,Siaga
Mahasiswa2299,0.4321030165227655,48,0,Siaga
Mahasiswa2300,1.3554425973550064,99,0,Siaga
Mahasiswa2301,3.2103427183192514,62,0,Siaga
Mahasiswa2302,2.2881945734772033,86,0,Siaga
Mahasiswa2303,2.0506709038256656,31,1,Bermasalah
Mahasiswa2304,1.1739552928324866,9,1,Bermasalah
Mahasiswa2305,3.7270148777312655,10,0,Siaga
Mahasiswa2306,1.5880601649487667,69,1,Bermasalah
Mahasiswa2307,0.34837106718308597,61,1,Bermasalah
Mahasiswa2308,2.468266064471205,46,1,Bermasalah
Mahasiswa2309,0.45535357390640563,33,1,Bermasalah
Mahasiswa2310,1.3808925712067683,99,1,Bermasalah
Mahasiswa2311,2.0296477548712355,100,1,Bermasalah
Mahasiswa2312,3.4968900987407032,16,1,Bermasalah
Mahasiswa2313,1.9741863213604747,53,0,Siaga
Mahasiswa2314,2.809035064126657,75,0,Siaga
Mahasiswa2315,3.9712673559962814,84,0,Aman
Mahasiswa2316,0.5259564795919265,39,1,Bermasalah
Mahasiswa2317,1.098926102078078,18,1,Bermasalah
Mahasiswa2318,1.5783043023905856,66,0,Siaga
Mahasiswa2319,1.6873127141553255,81,1,Bermasalah
Mahasiswa2320,1.644084301062183,52,1,Bermasalah
Mahasiswa2321,3.6304440102262197,63,0,Siaga
Mahasiswa2322,2.8561305778674257,82,0,Siaga
Mahasiswa2323,2.431620856362815,46,0,Siaga
Mahasiswa2324,1.2374908714511283,5,1,Bermasalah
Mahasiswa2325,3.2951615368851788,15,1,Bermasalah
Mahasiswa2326,3.8202420459399558,71,1,Aman
Mahasiswa2327,3.284793130200906,17,0,Siaga
Mahasiswa2328,0.006260420765891617,51,0,Siaga
Mahasiswa2329,2.545605480733628,47,1,Bermasalah
Mahasiswa2330,0.2045415257684029,42,0,Siaga
Mahasiswa2331,1.0304288813348874,38,0,Siaga
Mahasiswa2332,0.23809880139108675,48,1,Bermasalah
Mahasiswa2333,2.415181811797551,11,0,Siaga
Mahasiswa2334,2.746359653970427,9,0,Siaga
Mahasiswa2335,0.45795055226362047,70,0,Siaga
Mahasiswa2336,1.535355532179918,54,1,Bermasalah
Mahasiswa2337,1.824946035822168,0,1,Bermasalah
Mahasiswa2338,1.4762120870436664,48,0,Siaga
Mahasiswa2339,0.4841000019407722,35,1,Bermasalah
Mahasiswa2340,1.6757911607499016,20,1,Bermasalah
Mahasiswa2341,3.0047121912336725,36,1,Bermasalah
Mahasiswa2342,0.28403065813302186,23,0,Siaga
Mahasiswa2343,0.3207200563276138,54,1,Bermasalah
Mahasiswa2344,1.4190851673439369,24,0,Siaga
Mahasiswa2345,3.7669028464757,6,0,Siaga
Mahasiswa2346,2.674290586891656,80,1,Siaga
Mahasiswa2347,2.714679826690259,92,0,Siaga
Mahasiswa2348,1.4476799633514599,93,1,Bermasalah
Mahasiswa2349,2.3746431648341537,70,1,Bermasalah
Mahasiswa2350,0.040524736110973514,96,0,Siaga
Mahasiswa2351,2.544384185638169,70,0,Siaga
Mahasiswa2352,3.653147790304947,23,1,Bermasalah
Mahasiswa2353,2.4502938733792767,10,1,Bermasalah
Mahasiswa2354,3.49479437386538,72,1,Aman
Mahasiswa2355,2.8958922218643752,11,1,Bermasalah
Mahasiswa2356,0.482233665614761,34,0,Siaga
Mahasiswa2357,3.609813229143367,62,0,Siaga
Mahasiswa2358,0.26577537742309953,67,0,Siaga
Mahasiswa2359,2.135869890191055,99,1,Bermasalah
Mahasiswa2360,0.5685484951738307,91,0,Siaga
Mahasiswa2361,0.04682644292361626,56,0,Siaga
Mahasiswa2362,1.688137040510556,12,0,Siaga
Mahasiswa2363,1.180162830616625,22,0,Siaga
Mahasiswa2364,1.944001975190412,82,1,Bermasalah
Mahasiswa2365,2.308799546938203,100,0,Siaga
Mahasiswa2366,0.17495628923578943,38,0,Siaga
Mahasiswa2367,0.49201318049498255,87,0,Siaga
Mahasiswa2368,2.2345695858017014,79,0,Siaga
Mahasiswa2369,1.372669412690633,96,1,Bermasalah
Mahasiswa2370,2.916693950197792,11,1,Bermasalah
Mahasiswa2371,2.6091665943677587,33,0,Siaga
Mahasiswa2372,3.3824174519596273,70,1,Aman
Mahasiswa2373,2.769971306676901,74,1,Siaga
Mahasiswa2374,1.7197243095605925,30,1,Bermasalah
Mahasiswa2375,2.6918664895777296,92,1,Siaga
Mahasiswa2376,1.101524697021674,61,0,Siaga
Mahasiswa2377,1.2252539951128507,12,1,Bermasalah
Mahasiswa2378,3.1559406396831733,30,1,Bermasalah
Mahasiswa2379,1.7856780656063287,1,0,Siaga
Mahasiswa2380,3.19352136207341,14,0,Siaga
Mahasiswa2381,3.2896894946731137,56,0,Siaga
Mahasiswa2382,3.430249350645135,74,0,Aman
Mahasiswa2383,3.6665409433648293,33,1,Bermasalah
Mahasiswa2384,1.723940882053185,67,0,Siaga
Mahasiswa2385,1.2754672732845553,74,1,Bermasalah
Mahasiswa2386,2.3287949863764554,28,1,Bermasalah
Mahasiswa2387,1.4846896937505103,65,0,Siaga
Mahasiswa2388,2.404296667200932,15,0,Siaga
Mahasiswa2389,2.8223434505752985,38,1,Bermasalah
Mahasiswa2390,2.7536200739685475,76,1,Siaga
Mahasiswa2391,1.4982115480804854,36,0,Siaga
Mahasiswa2392,0.6674408067950113,80,0,Siaga
Mahasiswa2393,1.7221173538488301,20,0,Siaga
Mahasiswa2394,0.5703765763276349,43,1,Bermasalah
Mahasiswa2395,3.5603881407352334,18,1,Bermasalah
Mahasiswa2396,1.3835098429514296,70,0,Siaga
Mahasiswa2397,0.6178389888932951,7,1,Bermasalah
Mahasiswa2398,0.10179103962300351,76,0,Siaga
Mahasiswa2399,2.583289545145937,100,1,Siaga
Mahasiswa2400,2.547609269818973,65,1,Siaga
Mahasiswa2401,1.3624166663251667,40,0,Siaga
Mahasiswa2402,0.286847555390604,74,0,Siaga
Mahasiswa2403,1.638515579580928,87,0,Siaga
Mahasiswa2404,1.2448699802535743,69,1,Bermasalah
Mahasiswa2405,2.7084825589400374,60,1,Siaga
Mahasiswa2406,2.4231169978107614,25,0,Siaga
Mahasiswa2407,1.45837491279016,70,1,Bermasalah
Mahasiswa2408,0.8715702170199604,82,0,Siaga
Mahasiswa2409,3.9521438646223674,69,1,Siaga
Mahasiswa2410,1.8160064847844595,28,0,Siaga
Mahasiswa2411,2.753096943120948,65,1,Siaga
Mahasiswa2412,0.5622118703134431,18,1,Bermasalah
Mahasiswa2413,1.9423587986375912,67,1,Bermasalah
Mahasiswa2414,0.11014687947786195,57,1,Bermasalah
Mahasiswa2415,2.0218204716418,69,0,Siaga
Mahasiswa2416,3.8560696284708094,56,1,Siaga
Mahasiswa2417,1.536826851943201,36,0,Siaga
Mahasiswa2418,0.15598405029964635,60,0,Siaga
Mahasiswa2419,0.12382316367737412,91,0,Siaga
Mahasiswa2420,1.551947039787478,29,0,Siaga
Mahasiswa2421,0.6400997458527762,70,1,Bermasalah
Mahasiswa2422,0.09340838531274365,72,0,Siaga
Mahasiswa2423,3.0248544558007073,24,1,Bermasalah
Mahasiswa2424,1.8340920355275627,96,1,Bermasalah
Mahasiswa2425,1.156979087890618,64,1,Bermasalah
Mahasiswa2426,3.600332732065923,5,1,Bermasalah
Mahasiswa2427,0.46455584080210244,17,0,Siaga
Mahasiswa2428,3.823675315821277,9,1,Bermasalah
Mahasiswa2429,1.2558668695094113,91,0,Siaga
Mahasiswa2430,3.553614689234725,10,1,Bermasalah
Mahasiswa2431,2.411771505917846,96,1,Bermasalah
Mahasiswa2432,3.30682943896595,64,0,Siaga
Mahasiswa2433,3.936052652841857,76,1,Aman
Mahasiswa2434,1.153621751274983,100,1,Bermasalah
Mahasiswa2435,3.844541941630372,83,1,Aman
Mahasiswa2436,1.5579275796096814,64,1,Bermasalah
Mahasiswa2437,1.5420476189476893,51,1,Bermasalah
Mahasiswa2438,1.3615484170180228,66,0,Siaga
Mahasiswa2439,2.165630429390341,81,1,Bermasalah
Mahasiswa2440,0.6165801727139484,77,1,Bermasalah
Mahasiswa2441,2.2148459414320447,30,0,Siaga
Mahasiswa2442,2.166819249640016,90,1,Bermasalah
Mahasiswa2443,3.04760725041948,16,0,Siaga
Mahasiswa2444,3.3345998477503422,54,1,Bermasalah
Mahasiswa2445,1.7617654012496962,92,1,Bermasalah
Mahasiswa2446,1.209332997405975,35,0,Siaga
Mahasiswa2447,1.0373395892683779,100,1,Bermasalah
Mahasiswa2448,0.7784953468194877,25,1,Bermasalah
Mahasiswa2449,0.23059032879609953,52,0,Siaga
Mahasiswa2450,1.3697919153388534,16,0,Siaga
Mahasiswa2451,1.080990768523133,85,1,Bermasalah
Mahasiswa2452,3.8656695434656294,24,0,Siaga
Mahasiswa2453,2.2308353050001757,1,1,Bermasalah
Mahasiswa2454,1.3891081561220302,85,0,Siaga
Mahasiswa2455,2.321870403974784,4,1,Bermasalah
Mahasiswa2456,0.556786805382782,3,0,Siaga
Mahasiswa2457,1.7761749968088116,35,0,Siaga
Mahasiswa2458,2.5049372856842553,5,0,Siaga
Mahasiswa2459,1.9555913271698055,20,0,Siaga
Mahasiswa2460,1.607115202617297,76,0,Siaga
Mahasiswa2461,3.9753935555987927,100,0,Aman
Mahasiswa2462,3.521259048595708,88,0,Aman
Mahasiswa2463,2.4936238326377604,25,0,Siaga
Mahasiswa2464,2.277509444729131,54,0,Siaga
Mahasiswa2465,2.482641919298336,38,1,Bermasalah
Mahasiswa2466,0.805248431289733,83,0,Siaga
Mahasiswa2467,1.5805509730572744,32,1,Bermasalah
Mahasiswa2468,0.15783813156359727,13,0,Siaga
Mahasiswa2469,1.9021841499473067,55,1,Bermasalah
Mahasiswa2470,2.1720983358306527,99,1,Bermasalah
Mahasiswa2471,0.9109989444128384,80,0,Siaga
Mahasiswa2472,3.856115388662055,20,0,Siaga
Mahasiswa2473,3.637818443748968,45,1,Bermasalah
Mahasiswa2474,2.8885729418236235,15,1,Bermasalah
Mahasiswa2475,2.1335465150614503,15,0,Siaga
Mahasiswa2476,3.47987663859074,83,0,Aman
Mahasiswa2477,0.5226093752938517,28,0,Siaga
Mahasiswa2478,3.16203917709954,91,1,Aman
Mahasiswa2479,0.4992832558673932,7,0,Siaga
Mahasiswa2480,3.1768426501976217,87,0,Aman
Mahasiswa2481,1.1030702730054278,2,0,Siaga
Mahasiswa2482,3.5083623240727557,88,0,Aman
Mahasiswa2483,3.7761683753015913,18,0,Siaga
Mahasiswa2484,0.5951838776204625,96,1,Bermasalah
Mahasiswa2485,1.850702420261574,65,1,Bermasalah
Mahasiswa2486,3.9239495126507404,78,0,Aman
Mahasiswa2487,1.9336297438925865,85,0,Siaga
Mahasiswa2488,3.4541900900581806,73,1,Aman
Mahasiswa2489,2.3549260885252794,81,0,Siaga
Mahasiswa2490,1.5013196316784074,21,1,Bermasalah
Mahasiswa2491,1.1431342221034808,45,0,Siaga
Mahasiswa2492,0.8128923643443491,90,1,Bermasalah
Mahasiswa2493,3.047192765510789,12,1,Bermasalah
Mahasiswa2494,1.5461620272921115,32,0,Siaga
Mahasiswa2495,2.0451018488030046,4,1,Bermasalah
Mahasiswa2496,1.9693019200047277,89,0,Siaga
Mahasiswa2497,2.309116116932525,76,1,Bermasalah
Mahasiswa2498,3.462308582498209,26,0,Siaga
Mahasiswa2499,3.9229573743337176,77,0,Aman
Mahasiswa2500,1.6303368342952678,23,0,Siaga
Mahasiswa2501,3.3100756884252123,66,1,Siaga
Mahasiswa2502,3.0581111786188706,62,0,Siaga
Mahasiswa2503,2.294115805822293,93,0,Siaga
Mahasiswa2504,3.8241885744477324,98,0,Aman
Mahasiswa2505,0.8018980621136111,47,1,Bermasalah
Mahasiswa2506,0.43705684123848565,62,0,Siaga
Mahasiswa2507,3.4158478678216886,77,1,Aman
Mahasiswa2508,1.7565992665349932,11,1,Bermasalah
Mahasiswa2509,3.387875416828242,27,1,Bermasalah
Mahasiswa2510,3.5723608207816597,43,0,Siaga
Mahasiswa2511,0.24983037447628575,92,0,Siaga
Mahasiswa2512,3.5338590519442428,42,1,Bermasalah
Mahasiswa2513,1.7932762214776887,16,0,Siaga
Mahasiswa2514,2.041729956016929,39,0,Siaga
Mahasiswa2515,2.506370044372841,48,1,Bermasalah
Mahasiswa2516,3.705530426920347,84,1,Aman
Mahasiswa2517,0.07646437771905612,56,0,Siaga
Mahasiswa2518,1.9073738732712684,86,1,Bermasalah
Mahasiswa2519,2.7508881697222427,83,0,Siaga
Mahasiswa2520,2.890827830792914,63,1,Siaga
Mahasiswa2521,2.770129726148432,74,0,Siaga
Mahasiswa2522,0.5377405176324874,56,0,Siaga
Mahasiswa2523,1.197582353486725,97,1,Bermasalah
Mahasiswa2524,1.4348621016680538,73,0,Siaga
Mahasiswa2525,3.21774883071802,73,0,Aman
Mahasiswa2526,1.115039489658212,69,1,Bermasalah
Mahasiswa2527,0.8428198554688127,99,0,Siaga
Mahasiswa2528,3.8297920761523847,87,0,Aman
Mahasiswa2529,0.0354531404538756,75,0,Siaga
Mahasiswa2530,3.991283422727913,42,1,Bermasalah
Mahasiswa2531,2.7072851954295825,22,1,Bermasalah
Mahasiswa2532,3.3138771977964683,26,1,Bermasalah
Mahasiswa2533,1.1784775853847727,57,1,Bermasalah
Mahasiswa2534,0.05726111066823991,36,1,Bermasalah
Mahasiswa2535,2.95147807424612,5,0,Siaga
Mahasiswa2536,3.336578388002703,64,0,Siaga
Mahasiswa2537,2.9619045278140765,5,0,Siaga
Mahasiswa2538,0.5714011492033544,49,1,Bermasalah
Mahasiswa2539,3.0137116890278763,21,0,Siaga
Mahasiswa2540,3.075691128430564,87,1,Aman
Mahasiswa2541,2.6341620626802196,24,0,Siaga
Mahasiswa2542,3.064463731182345,78,1,Aman
Mahasiswa2543,3.3836857587109286,89,0,Aman
Mahasiswa2544,2.4544164569498337,71,0,Siaga
Mahasiswa2545,0.35441885587871624,50,1,Bermasalah
Mahasiswa2546,1.9505112386688435,87,0,Siaga
Mahasiswa2547,0.31059733868642025,47,0,Siaga
Mahasiswa2548,1.6301721241297233,69,1,Bermasalah
Mahasiswa2549,1.6284259565025105,98,0,Siaga
Mahasiswa2550,0.2640393765609663,64,0,Siaga
Mahasiswa2551,1.3952821358779173,59,1,Bermasalah
Mahasiswa2552,0.44399239516525935,45,1,Bermasalah
Mahasiswa2553,3.2329408400368886,35,1,Bermasalah
Mahasiswa2554,3.790752103857883,57,1,Siaga
Mahasiswa2555,0.2892659010317544,75,1,Bermasalah
Mahasiswa2556,3.8204608291668056,37,0,Siaga
Mahasiswa2557,2.0903063973469806,10,1,Bermasalah
Mahasiswa2558,1.1982627118154956,11,1,Bermasalah
Mahasiswa2559,0.30744830110465404,41,0,Siaga
Mahasiswa2560,2.0024970722816713,38,0,Siaga
Mahasiswa2561,3.1780621779629947,70,0,Aman
Mahasiswa2562,2.8283459090667926,10,0,Siaga
Mahasiswa2563,0.20090404585589505,35,0,Siaga
Mahasiswa2564,0.29160734147161405,51,1,Bermasalah
Mahasiswa2565,1.6114931305305484,30,0,Siaga
Mahasiswa2566,1.181161976191773,32,1,Bermasalah
Mahasiswa2567,0.9295372922241913,12,0,Siaga
Mahasiswa2568,1.1240179956348544,17,1,Bermasalah
Mahasiswa2569,3.2139309731875385,40,0,Siaga
Mahasiswa2570,3.7169122145274156,57,1,Siaga
Mahasiswa2571,1.6204107781102657,55,1,Bermasalah
Mahasiswa2572,3.6244440085299883,23,1,Bermasalah
Mahasiswa2573,1.2859828049915278,72,1,Bermasalah
Mahasiswa2574,1.9057479453751665,30,1,Bermasalah
Mahasiswa2575,0.9041159912639989,54,1,Bermasalah
Mahasiswa2576,2.561904168703376,9,1,Bermasalah
Mahasiswa2577,3.9159244606992356,59,1,Siaga
Mahasiswa2578,2.4139723841735146,1,1,Bermasalah
Mahasiswa2579,1.4312563364541955,14,1,Bermasalah
Mahasiswa2580,2.5912697839621135,2,0,Siaga
Mahasiswa2581,0.49168271386155027,42,1,Bermasalah
Mahasiswa2582,3.5546363210615946,30,1,Bermasalah
Mahasiswa2583,2.0123358031193455,69,0,Siaga
Mahasiswa2584,1.7973989681585683,66,1,Bermasalah
Mahasiswa2585,2.3434591538140768,55,1,Bermasalah
Mahasiswa2586,2.49913545115761,62,0,Siaga
Mahasiswa2587,0.2871032249060521,74,0,Siaga
Mahasiswa2588,2.7304688848936096,14,1,Bermasalah
Mahasiswa2589,0.9677267212621183,91,0,Siaga
Mahasiswa2590,2.855810530026359,9,1,Bermasalah
Mahasiswa2591,3.290139177536787,37,1,Bermasalah
Mahasiswa2592,3.215834030210081,46,1,Bermasalah
Mahasiswa2593,2.2100038696315565,56,0,Siaga
Mahasiswa2594,2.0806795692430047,49,1,Bermasalah
Mahasiswa2595,0.5715038453576469,70,1,Bermasalah
Mahasiswa2596,3.1013846016125424,14,0,Siaga
Mahasiswa2597,1.0856375217868575,17,1,Bermasalah
Mahasiswa2598,1.9867816912717862,81,1,Bermasalah
Mahasiswa2599,1.1370963717100668,87,1,Bermasalah
Mahasiswa2600,0.5353134519987726,1,1,Bermasalah
Mahasiswa2601,2.5182307875669463,83,1,Siaga
Mahasiswa2602,0.21732813929161532,97,1,Bermasalah
Mahasiswa2603,2.9945809365048,42,0,Siaga
Mahasiswa2604,1.2703471810444666,25,1,Bermasalah
Mahasiswa2605,0.0005387720179412803,70,1,Bermasalah
Mahasiswa2606,2.044516556948919,37,0,Siaga
Mahasiswa2607,0.1874076341104125,93,1,Bermasalah
Mahasiswa2608,1.1046782312835979,41,1,Bermasalah
Mahasiswa2609,2.8279059498228647,4,0,Siaga
Mahasiswa2610,0.25075848648746346,10,0,Siaga
Mahasiswa2611,3.3573539694240093,64,0,Siaga
Mahasiswa2612,0.015279690634332432,33,0,Siaga
Mahasiswa2613,0.987295476807609,0,0,Siaga
Mahasiswa2614,2.9636162246082858,82,0,Siaga
Mahasiswa2615,1.2650805989172271,1,0,Siaga
Mahasiswa2616,0.4075695522640541,84,1,Bermasalah
Mahasiswa2617,1.4409356752017115,19,1,Bermasalah
Mahasiswa2618,1.0815731455381021,60,1,Bermasalah
Mahasiswa2619,3.3708476086422197,86,0,Aman
Mahasiswa2620,1.2533916703405725,20,1,Bermasalah
Mahasiswa2621,3.155729887104029,87,0,Aman
Mahasiswa2622,3.567488579242939,67,1,Siaga
Mahasiswa2623,1.7352696783061181,11,1,Bermasalah
Mahasiswa2624,3.639772575417568,21,1,Bermasalah
Mahasiswa2625,1.5092722158527714,19,1,Bermasalah
Mahasiswa2626,3.8563136659604327,81,0,Aman
Mahasiswa2627,0.3571580981022917,0,0,Siaga
Mahasiswa2628,2.748077066012971,29,1,Bermasalah
Mahasiswa2629,1.9752561618277147,96,0,Siaga
Mahasiswa2630,1.5505952218225882,23,0,Siaga
Mahasiswa2631,2.5308475149944036,13,1,Bermasalah
Mahasiswa2632,2.8154283665373248,35,0,Siaga
Mahasiswa2633,0.01745307860123635,68,0,Siaga
Mahasiswa2634,0.6678123549887949,74,0,Siaga
Mahasiswa2635,2.852184202537275,23,0,Siaga
Mahasiswa2636,2.665541654312826,59,1,Siaga
Mahasiswa2637,3.864190020514709,94,1,Aman
Mahasiswa2638,3.044151161003132,54,0,Siaga
Mahasiswa2639,3.803090830925352,76,1,Aman
Mahasiswa2640,2.810162006139228,79,1,Siaga
Mahasiswa2641,1.1922088345577726,23,1,Bermasalah
Mahasiswa2642,0.4214596890034259,76,0,Siaga
Mahasiswa2643,3.1272954533797424,23,0,Siaga
Mahasiswa2644,2.5765968859036636,53,1,Bermasalah
Mahasiswa2645,0.19274404957318492,25,1,Bermasalah
Mahasiswa2646,1.4402018636039133,65,0,Siaga
Mahasiswa2647,3.8271992619371447,79,1,Aman
Mahasiswa2648,2.001604582840805,37,0,Siaga
Mahasiswa2649,1.7309165440788186,64,1,Bermasalah
Mahasiswa2650,1.830798420637176,74,0,Siaga
Mahasiswa2651,0.8355308960206549,50,0,Siaga
Mahasiswa2652,1.4748286834591808,34,0,Siaga
Mahasiswa2653,1.4792530239487065,42,0,Siaga
Mahasiswa2654,0.2094200807498896,28,1,Bermasalah
Mahasiswa2655,3.070270514071673,36,0,Siaga
Mahasiswa2656,1.666017727615516,80,1,Bermasalah
Mahasiswa2657,3.288719547265693,57,0,Siaga
Mahasiswa2658,3.4013920044795816,53,0,Siaga
Mahasiswa2659,0.8479762187946323,38,1,Bermasalah
Mahasiswa2660,2.6294139286805143,41,1,Bermasalah
Mahasiswa2661,1.8891272166519268,27,1,Bermasalah
Mahasiswa2662,3.5206269516859403,28,0,Siaga
Mahasiswa2663,0.8629627167058165,42,0,Siaga
Mahasiswa2664,2.711252801240177,2,1,Bermasalah
Mahasiswa2665,2.4310084890108903,9,0,Siaga
Mahasiswa2666,1.1812059102873311,58,1,Bermasalah
Mahasiswa2667,0.5464036146046904,13,0,Siaga
Mahasiswa2668,2.6065590419091063,75,0,Siaga
Mahasiswa2669,2.9543898325293227,46,0,Siaga
Mahasiswa2670,1.2625093750534,41,1,Bermasalah
Mahasiswa2671,2.579330416089255,93,0,Siaga
Mahasiswa2672,1.580523630446013,31,1,Bermasalah
Mahasiswa2673,2.852827533130471,31,1,Bermasalah
Mahasiswa2674,0.7968610995762124,41,0,Siaga
Mahasiswa2675,3.5608600105446975,31,1,Bermasalah
Mahasiswa2676,1.149638385862319,25,1,Bermasalah
Mahasiswa2677,1.4711439510246116,0,0,Siaga
Mahasiswa2678,0.23236780832139914,55,1,Bermasalah
Mahasiswa2679,0.4460488492851056,1,1,Bermasalah
Mahasiswa2680,2.0634476108493125,80,0,Siaga
Mahasiswa2681,1.070370706911886,29,0,Siaga
Mahasiswa2682,3.3419209029687775,70,0,Aman
Mahasiswa2683,0.05877355461981537,51,1,Bermasalah
Mahasiswa2684,1.5163761946877448,90,1,Bermasalah
Mahasiswa2685,1.3493821870763707,8,0,Siaga
Mahasiswa2686,0.07731052367040414,21,1,Bermasalah
Mahasiswa2687,0.4974735960020409,33,0,Siaga
Mahasiswa2688,1.654570699674541,48,0,Siaga
Mahasiswa2689,1.9714583377897865,0,0,Siaga
Mahasiswa2690,1.6171589890194764,72,1,Bermasalah
Mahasiswa2691,2.1237507136483753,83,1,Bermasalah
Mahasiswa2692,2.380526699622726,52,0,Siaga
Mahasiswa2693,0.03969528451134252,82,0,Siaga
Mahasiswa2694,1.8563806378140155,99,1,Bermasalah
Mahasiswa2695,3.8539969635503533,39,0,Siaga
Mahasiswa2696,2.076129120518195,44,1,Bermasalah
Mahasiswa2697,2.7101690698358127,67,0,Aman
Mahasiswa2698,1.2474554316675328,8,0,Siaga
Mahasiswa2699,3.09596551261105,21,1,Bermasalah
Mahasiswa2700,3.0916859275044604,17,1,Bermasalah
Mahasiswa2701,2.085184190616556,75,1,Bermasalah
Mahasiswa2702,3.9040552931168544,42,1,Bermasalah
Mahasiswa2703,0.5022008590506135,38,1,Bermasalah
Mahasiswa2704,0.06779065955832397,72,0,Siaga
Mahasiswa2705,3.080632847028384,5,0,Siaga
Mahasiswa2706,3.22862214945953,82,1,Aman
Mahasiswa2707,0.48082891648230497,47,1,Bermasalah
Mahasiswa2708,1.0623313318344243,6,0,Siaga
Mahasiswa2709,0.07020945346651564,79,0,Siaga
Mahasiswa2710,1.1732344431222588,68,1,Bermasalah
Mahasiswa2711,3.092567495674686,15,1,Bermasalah
Mahasiswa2712,2.0718421108503158,0,0,Siaga
Mahasiswa2713,1.3923823726731523,36,1,Bermasalah
Mahasiswa2714,1.4869571796253211,82,0,Siaga
Mahasiswa2715,0.0054145028618726165,36,0,Siaga
Mahasiswa2716,1.1992021102609436,80,1,Bermasalah
Mahasiswa2717,2.585834966551722,63,0,Aman
Mahasiswa2718,3.8967777752654285,89,0,Aman
Mahasiswa2719,3.388243307935598,85,0,Aman
Mahasiswa2720,0.0943798585821165,61,1,Bermasalah
Mahasiswa2721,3.5942424186993573,71,0,Aman
Mahasiswa2722,3.1327936531945038,60,1,Siaga
Mahasiswa2723,3.1215044942839216,32,0,Siaga
Mahasiswa2724,1.831983036014286,65,0,Siaga
Mahasiswa2725,1.5920211718180113,29,0,Siaga
Mahasiswa2726,1.2116629153327705,19,0,Siaga
Mahasiswa2727,0.2627794358174631,59,0,Siaga
Mahasiswa2728,0.9129414539747964,81,1,Bermasalah
Mahasiswa2729,0.9864145399120985,73,1,Bermasalah
Mahasiswa2730,1.9363082788408064,23,0,Siaga
Mahasiswa2731,2.989777626386776,3,1,Bermasalah
Mahasiswa2732,1.8952393135917864,36,1,Bermasalah
Mahasiswa2733,0.23137779778864243,3,0,Siaga
Mahasiswa2734,3.8311592039528155,76,1,Aman
Mahasiswa2735,3.770897276376449,88,1,Aman
Mahasiswa2736,3.1407581725936335,76,1,Aman
Mahasiswa2737,3.9653116062568823,17,1,Bermasalah
Mahasiswa2738,2.1779293312010517,87,0,Siaga
Mahasiswa2739,3.8510734010128242,65,1,Siaga
Mahasiswa2740,0.3024201624670031,47,0,Siaga
Mahasiswa2741,1.4627229930454853,32,0,Siaga
Mahasiswa2742,0.9015250720270633,57,1,Bermasalah
Mahasiswa2743,0.7833323365370801,82,0,Siaga
Mahasiswa2744,0.5632117955707043,72,1,Bermasalah
Mahasiswa2745,2.4896545662639866,27,0,Siaga
Mahasiswa2746,3.1252874229892202,34,1,Bermasalah
Mahasiswa2747,2.3131935976814426,9,1,Bermasalah
Mahasiswa2748,0.5878508383528387,64,0,Siaga
Mahasiswa2749,3.2444950797338836,41,1,Bermasalah
Mahasiswa2750,2.543818828654914,84,1,Siaga
Mahasiswa2751,1.552662824507982,8,1,Bermasalah
Mahasiswa2752,2.696521182144252,59,1,Siaga
Mahasiswa2753,1.0396199169713314,14,0,Siaga
Mahasiswa2754,1.380768833976842,98,0,Siaga
Mahasiswa2755,3.669943372527961,56,0,Siaga
Mahasiswa2756,1.1620180226856816,68,1,Bermasalah
Mahasiswa2757,1.8799530726317464,21,0,Siaga
Mahasiswa2758,3.5605645495840585,63,1,Siaga
Mahasiswa2759,2.83088540107011,40,1,Bermasalah
Mahasiswa2760,0.248812904658811,86,1,Bermasalah
Mahasiswa2761,0.5892121771158814,70,0,Siaga
Mahasiswa2762,0.03136636308766727,55,0,Siaga
Mahasiswa2763,2.5236871609166536,22,0,Siaga
Mahasiswa2764,1.7906937016416733,24,0,Siaga
Mahasiswa2765,0.5370994036091021,90,1,Bermasalah
Mahasiswa2766,3.831736484227082,5,0,Siaga
Mahasiswa2767,2.1186388957824795,33,0,Siaga
Mahasiswa2768,0.9675731764515567,62,0,Siaga
Mahasiswa2769,2.00241428461883,8,0,Siaga
Mahasiswa2770,2.718481330940431,59,1,Siaga
Mahasiswa2771,0.3049568718942579,48,0,Siaga
Mahasiswa2772,1.098815260191568,96,0,Siaga
Mahasiswa2773,3.2278619635359744,50,0,Siaga
Mahasiswa2774,1.838659481610645,59,1,Bermasalah
Mahasiswa2775,2.1863085681291796,69,0,Siaga
Mahasiswa2776,1.731264008837877,36,0,Siaga
Mahasiswa2777,0.17559977057202047,30,0,Siaga
Mahasiswa2778,0.6629991192806237,97,1,Bermasalah
Mahasiswa2779,1.7821665549675636,40,1,Bermasalah
Mahasiswa2780,0.8367418616317113,61,0,Siaga
Mahasiswa2781,0.19991611463871495,92,0,Siaga
Mahasiswa2782,3.374598656207295,57,1,Siaga
Mahasiswa2783,3.9247701166564632,13,1,Bermasalah
Mahasiswa2784,3.1725714959869578,35,1,Bermasalah
Mahasiswa2785,3.415139686818668,35,1,Bermasalah
Mahasiswa2786,0.9679085212681815,78,1,Bermasalah
Mahasiswa2787,3.842507902052799,7,0,Siaga
Mahasiswa2788,0.7877028178137135,25,0,Siaga
Mahasiswa2789,3.805719241447329,35,0,Siaga
Mahasiswa2790,3.979277175863804,47,0,Siaga
Mahasiswa2791,2.846891222984195,84,1,Siaga
Mahasiswa2792,3.9245749271672876,27,1,Bermasalah
Mahasiswa2793,2.2781591182684147,67,1,Bermasalah
Mahasiswa2794,1.0381671327043613,61,1,Bermasalah
Mahasiswa2795,1.7479835426624835,79,1,Bermasalah
Mahasiswa2796,2.374243741515144,85,0,Siaga
Mahasiswa2797,0.29232624810805996,75,0,Siaga
Mahasiswa2798,2.4893730584689844,79,0,Siaga
Mahasiswa2799,3.924711347049178,50,0,Siaga
Mahasiswa2800,0.7604305991349105,41,0,Siaga
Mahasiswa2801,3.1703804651535332,100,1,Aman
Mahasiswa2802,3.6315951751184774,28,1,Bermasalah
Mahasiswa2803,3.7748063712808833,81,1,Aman
Mahasiswa2804,3.840542417621789,9,1,Bermasalah
Mahasiswa2805,2.0858385548858878,38,1,Bermasalah
Mahasiswa2806,3.9092316319660148,81,0,Aman
Mahasiswa2807,3.0292408285377554,0,0,Siaga
Mahasiswa2808,0.6466857449478476,38,0,Siaga
Mahasiswa2809,1.90760042587188,20,1,Bermasalah
Mahasiswa2810,2.873324701488016,64,1,Siaga
Mahasiswa2811,0.9893612632763333,14,1,Bermasalah
Mahasiswa2812,2.5624607341955494,3,1,Bermasalah
Mahasiswa2813,2.666401916186477,59,0,Aman
Mahasiswa2814,0.6507989752342636,60,1,Bermasalah
Mahasiswa2815,2.260341249811025,19,0,Siaga
Mahasiswa2816,3.0865076439144308,9,1,Bermasalah
Mahasiswa2817,1.9955826581437677,86,0,Siaga
Mahasiswa2818,0.0484124671044297,33,1,Bermasalah
Mahasiswa2819,0.03615387631716871,47,1,Bermasalah
Mahasiswa2820,1.4281173758800487,32,0,Siaga
Mahasiswa2821,3.704776273727128,97,0,Aman
Mahasiswa2822,0.9147071184144351,60,1,Bermasalah
Mahasiswa2823,2.5374547554867486,9,0,Siaga
Mahasiswa2824,0.8883034827732823,53,1,Bermasalah
Mahasiswa2825,1.2866799586381945,83,1,Bermasalah
Mahasiswa2826,3.392168358405936,64,0,Siaga
Mahasiswa2827,2.9154457690797875,76,1,Siaga
Mahasiswa2828,0.3815971092528425,0,1,Bermasalah
Mahasiswa2829,1.7148080839457345,4,0,Siaga
Mahasiswa2830,0.11667905458105787,79,1,Bermasalah
Mahasiswa2831,1.923560586412036,14,1,Bermasalah
Mahasiswa2832,2.6497360468042723,27,1,Bermasalah
Mahasiswa2833,0.47401049439260623,94,1,Bermasalah
Mahasiswa2834,1.1555397556366627,22,0,Siaga
Mahasiswa2835,1.5913465020086277,16,0,Siaga
Mahasiswa2836,3.678124098624199,97,0,Aman
Mahasiswa2837,3.973020061691856,12,1,Bermasalah
Mahasiswa2838,0.17964519598246342,13,0,Siaga
Mahasiswa2839,3.044031693981568,10,0,Siaga
Mahasiswa2840,1.486896265609373,27,0,Siaga
Mahasiswa2841,1.5698327449179201,41,1,Bermasalah
Mahasiswa2842,3.0170598933880908,95,0,Aman
Mahasiswa2843,3.6737057285816346,98,0,Aman
Mahasiswa2844,3.8037143780101936,60,1,Siaga
Mahasiswa2845,2.308490344153283,63,1,Bermasalah
Mahasiswa2846,1.4284846372020112,30,1,Bermasalah
Mahasiswa2847,3.150196343435117,80,1,Aman
Mahasiswa2848,1.004005533049201,72,1,Bermasalah
Mahasiswa2849,2.256296115334071,9,1,Bermasalah
Mahasiswa2850,1.4343138460994926,7,0,Siaga
Mahasiswa2851,2.6265242948315044,20,0,Siaga
Mahasiswa2852,0.9615956515740276,76,1,Bermasalah
Mahasiswa2853,0.7663717829393031,58,1,Bermasalah
Mahasiswa2854,3.6729563467017483,49,0,Siaga
Mahasiswa2855,0.4072147317981476,68,1,Bermasalah
Mahasiswa2856,2.0238316309397266,69,1,Bermasalah
Mahasiswa2857,0.8834111318520357,29,0,Siaga
Mahasiswa2858,0.1557198533026698,94,1,Bermasalah
Mahasiswa2859,0.14407527316570556,16,1,Bermasalah
Mahasiswa2860,0.7008870884233094,74,0,Siaga
Mahasiswa2861,3.467081418024001,19,0,Siaga
Mahasiswa2862,1.1299149759081066,47,0,Siaga
Mahasiswa2863,3.801836682301183,72,0,Aman
Mahasiswa2864,2.326489171956774,1,0,Siaga
Mahasiswa2865,1.7464567590750644,36,1,Bermasalah
Mahasiswa2866,2.3203553386778184,0,1,Bermasalah
Mahasiswa2867,2.066793540905071,3,1,Bermasalah
Mahasiswa2868,3.0351050150293006,99,1,Aman
Mahasiswa2869,1.129984263891409,53,1,Bermasalah
Mahasiswa2870,1.4122015664012095,24,0,Siaga
Mahasiswa2871,3.576377210133003,2,1,Bermasalah
Mahasiswa2872,3.785826052601622,8,1,Bermasalah
Mahasiswa2873,3.570232909945898,85,1,Aman
Mahasiswa2874,1.6777919758292543,86,1,Bermasalah
Mahasiswa2875,3.1214620120275267,75,1,Aman
Mahasiswa2876,1.9053429332043952,73,0,Siaga
Mahasiswa2877,1.9901594085844088,33,1,Bermasalah
Mahasiswa2878,0.8187204362291358,42,1,Bermasalah
Mahasiswa2879,2.364521213034066,73,1,Bermasalah
Mahasiswa2880,0.7445435910133917,93,1,Bermasalah
Mahasiswa2881,1.326258796268775,21,1,Bermasalah
Mahasiswa2882,3.4201208064797406,69,1,Siaga
Mahasiswa2883,0.8283032368434209,1,0,Siaga
Mahasiswa2884,0.28463314069373125,93,1,Bermasalah
Mahasiswa2885,0.2760303704512652,65,0,Siaga
Mahasiswa2886,3.7631380820124316,31,0,Siaga
Mahasiswa2887,2.0276817518473385,15,1,Bermasalah
Mahasiswa2888,1.6376482872680733,75,1,Bermasalah
Mahasiswa2889,3.2435143240316737,0,1,Bermasalah
Mahasiswa2890,3.343303711642064,71,0,Aman
Mahasiswa2891,1.3287641324624184,47,1,Bermasalah
Mahasiswa2892,2.774472229895181,49,1,Bermasalah
Mahasiswa2893,3.0844912634075463,12,1,Bermasalah
Mahasiswa2894,2.618602747463818,14,0,Siaga
Mahasiswa2895,0.6063802992003975,52,0,Siaga
Mahasiswa2896,3.503532334068228,43,1,Bermasalah
Mahasiswa2897,2.156378210944035,7,0,Siaga
Mahasiswa2898,1.1298897054800148,73,1,Bermasalah
Mahasiswa2899,1.7009127417507757,45,0,Siaga
Mahasiswa2900,0.15028436159562952,68,1,Bermasalah
Mahasiswa2901,0.5114672048896702,18,0,Siaga
Mahasiswa2902,3.0621870020634434,37,1,Bermasalah
Mahasiswa2903,4.6539021464564456e-05,10,1,Bermasalah
Mahasiswa2904,1.6662633139291687,42,0,Siaga
Mahasiswa2905,2.0900407243423538,19,0,Siaga
Mahasiswa2906,0.21853768000388918,19,0,Siaga
Mahasiswa2907,3.8923126518893314,20,0,Siaga
Mahasiswa2908,0.9045013249986877,81,0,Siaga
Mahasiswa2909,1.2167948785451235,56,1,Bermasalah
Mahasiswa2910,1.2157700490201093,49,1,Bermasalah
Mahasiswa2911,0.9216666484693996,73,0,Siaga
Mahasiswa2912,0.005895288345245664,97,1,Bermasalah
Mahasiswa2913,2.9173791763519854,25,1,Bermasalah
Mahasiswa2914,3.8673819991971414,29,0,Siaga
Mahasiswa2915,0.8971739331401802,72,1,Bermasalah
Mahasiswa2916,2.6521887672136897,30,1,Bermasalah
Mahasiswa2917,2.9675853078348604,41,0,Siaga
Mahasiswa2918,3.393701516362099,67,0,Siaga
Mahasiswa2919,1.6905167880544365,60,1,Bermasalah
Mahasiswa2920,1.211723622561717,60,0,Siaga
Mahasiswa2921,1.3011805360921245,69,1,Bermasalah
Mahasiswa2922,2.8504853323940513,77,0,Siaga
Mahasiswa2923,3.267117866022544,67,0,Siaga
Mahasiswa2924,0.7264558710264106,89,0,Siaga
Mahasiswa2925,1.4837640326310608,16,0,Siaga
Mahasiswa2926,3.6077607869966,18,1,Bermasalah
Mahasiswa2927,3.226774078778957,50,0,Siaga
Mahasiswa2928,3.9394336110499033,69,0,Siaga
Mahasiswa2929,3.016993038728323,62,1,Siaga
Mahasiswa2930,1.572780804111689,92,1,Bermasalah
Mahasiswa2931,2.362551335978551,74,1,Bermasalah
Mahasiswa2932,2.644057016989281,79,1,Siaga
Mahasiswa2933,0.3138232652684958,29,0,Siaga
Mahasiswa2934,2.1779878364154603,24,1,Bermasalah
Mahasiswa2935,2.8372833138904383,74,0,Siaga
Mahasiswa2936,0.6692852160042415,70,1,Bermasalah
Mahasiswa2937,3.1225268697022286,25,0,Siaga
Mahasiswa2938,2.3350911220564465,55,1,Bermasalah
Mahasiswa2939,3.8088871427903785,21,0,Siaga
Mahasiswa2940,0.16968919282756678,88,0,Siaga
Mahasiswa2941,1.0613045502218679,18,1,Bermasalah
Mahasiswa2942,2.4062155171992963,30,0,Siaga
Mahasiswa2943,1.1862396488237228,25,0,Siaga
Mahasiswa2944,2.857696656284969,41,0,Siaga
Mahasiswa2945,3.036021130087724,40,0,Siaga
Mahasiswa2946,0.4100638562658978,99,1,Bermasalah
Mahasiswa2947,2.055417856827071,22,0,Siaga
Mahasiswa2948,2.0355622223642236,46,0,Siaga
Mahasiswa2949,1.4771230808621643,12,1,Bermasalah
Mahasiswa2950,3.7316994502786884,88,1,Aman
Mahasiswa2951,3.310025279492885,65,1,Siaga
Mahasiswa2952,2.788837527638547,65,0,Aman
Mahasiswa2953,2.85730654293999,15,0,Siaga
Mahasiswa2954,1.8468645752524764,72,1,Bermasalah
Mahasiswa2955,3.6839780843863035,27,0,Siaga
Mahasiswa2956,2.7783817090131415,76,1,Siaga
Mahasiswa2957,2.9159242466232658,34,0,Siaga
Mahasiswa2958,3.446763615149381,40,1,Bermasalah
Mahasiswa2959,1.096286357368764,76,0,Siaga
Mahasiswa2960,3.228283615466812,30,1,Bermasalah
Mahasiswa2961,0.7809624118259682,84,0,Siaga
Mahasiswa2962,1.3813678089795514,31,1,Bermasalah
Mahasiswa2963,1.3424418170793708,53,0,Siaga
Mahasiswa2964,3.9141018735565622,97,0,Aman
Mahasiswa2965,3.4261488949917074,71,0,Aman
Mahasiswa2966,2.804679446361039,58,1,Siaga
Mahasiswa2967,2.9082270464615605,40,0,Siaga
Mahasiswa2968,2.2482911776102843,65,0,Siaga
Mahasiswa2969,3.7883626684340763,95,0,Aman
Mahasiswa2970,1.9850350115294462,53,1,Bermasalah
Mahasiswa2971,1.522070839479578,39,0,Siaga
Mahasiswa2972,0.652141347726364,27,1,Bermasalah
Mahasiswa2973,3.144822609044232,36,0,Siaga
Mahasiswa2974,2.9377757283023658,64,1,Siaga
Mahasiswa2975,1.5374201540965395,73,1,Bermasalah
Mahasiswa2976,0.10077365583691744,54,0,Siaga
Mahasiswa2977,3.355989310872043,3,1,Bermasalah
Mahasiswa2978,0.04567193381629453,98,1,Bermasalah
Mahasiswa2979,2.814799118516204,9,0,Siaga
Mahasiswa2980,3.881028438904228,46,1,Bermasalah
Mahasiswa2981,1.7506453125928139,74,1,Bermasalah
Mahasiswa2982,0.939893619983811,13,1,Bermasalah
Mahasiswa2983,2.819484040173527,37,1,Bermasalah
Mahasiswa2984,3.2685125680623406,11,0,Siaga
Mahasiswa2985,2.1857212643113892,44,1,Bermasalah
Mahasiswa2986,3.8681411010245847,16,1,Bermasalah
Mahasiswa2987,0.2066748866318444,79,0,Siaga
Mahasiswa2988,2.0191823932181125,34,0,Siaga
Mahasiswa2989,2.8738157892902003,65,1,Siaga
Mahasiswa2990,3.450561884596716,74,0,Aman
Mahasiswa2991,0.7170224476311602,40,0,Siaga
Mahasiswa2992,3.2000139270547256,66,0,Siaga
Mahasiswa2993,2.210828302874181,28,0,Siaga
Mahasiswa2994,1.5862147279598529,17,0,Siaga
Mahasiswa2995,0.5268601143163743,19,0,Siaga
Mahasiswa2996,3.4611830356356497,13,0,Siaga
Mahasiswa2997,0.6290928327188614,33,0,Siaga
Mahasiswa2998,1.239151436836397,48,0,Siaga
Mahasiswa2999,1.1601821278497475,53,1,Bermasalah
Mahasiswa3000,3.485656136763417,30,1,Bermasalah
Mahasiswa3001,2.690811976835592,57,1,Siaga
Mahasiswa3002,3.1867255887654893,41,1,Bermasalah
Mahasiswa3003,1.001871595169996,57,1,Bermasalah
Mahasiswa3004,2.4994963984279956,81,0,Siaga
Mahasiswa3005,2.2869839325749948,29,0,Siaga
Mahasiswa3006,3.3313215071530844,24,1,Bermasalah
Mahasiswa3007,3.624348241925042,62,1,Siaga
Mahasiswa3008,0.04862708590954723,18,0,Siaga
Mahasiswa3009,2.6960796762351706,71,1,Siaga
Mahasiswa3010,0.20734319647891608,91,0,Siaga
Mahasiswa3011,2.1954346603094237,7,1,Bermasalah
Mahasiswa3012,1.1505309161747128,94,0,Siaga
Mahasiswa3013,1.2271063980885648,2,1,Bermasalah
Mahasiswa3014,1.4118340138094263,66,0,Siaga
Mahasiswa3015,2.4851697961984405,85,1,Bermasalah
Mahasiswa3016,1.3361998626750768,80,1,Bermasalah
Mahasiswa3017,2.9307962023611216,99,0,Siaga
Mahasiswa3018,1.6181095422954788,16,0,Siaga
Mahasiswa3019,0.27341280123983447,13,1,Bermasalah
Mahasiswa3020,3.135039369936429,8,1,Bermasalah
Mahasiswa3021,1.143033298370824,61,0,Siaga
Mahasiswa3022,1.7310675183970505,93,0,Siaga
Mahasiswa3023,2.741775532887606,20,0,Siaga
Mahasiswa3024,1.329824628594848,75,1,Bermasalah
Mahasiswa3025,0.2263426245868625,36,1,Bermasalah
Mahasiswa3026,1.4956841880512544,95,0,Siaga
Mahasiswa3027,3.7777943307772137,10,1,Bermasalah
Mahasiswa3028,2.5669375891942328,19,1,Bermasalah
Mahasiswa3029,2.6859165946688277,34,0,Siaga
Mahasiswa3030,2.5291286145505594,52,1,Bermasalah
Mahasiswa3031,0.7959685558377472,46,0,Siaga
Mahasiswa3032,1.6733354564091205,74,0,Siaga
Mahasiswa3033,3.003759193453273,51,1,Bermasalah
Mahasiswa3034,0.4054915902126366,7,1,Bermasalah
Mahasiswa3035,1.111411104358849,3,0,Siaga
Mahasiswa3036,1.1052764338634145,26,0,Siaga
Mahasiswa3037,1.728075710378024,43,0,Siaga
Mahasiswa3038,3.9214749637687403,39,1,Bermasalah
Mahasiswa3039,0.27001018673528776,46,0,Siaga
Mahasiswa3040,2.07480397752238,93,0,Siaga
Mahasiswa3041,0.7174587280488418,43,0,Siaga
Mahasiswa3042,3.8827061816389765,47,0,Siaga
Mahasiswa3043,0.4532140189098568,90,1,Bermasalah
Mahasiswa3044,1.614404009446365,84,1,Bermasalah
Mahasiswa3045,2.9515399393384247,51,0,Siaga
Mahasiswa3046,2.818217712109781,83,1,Siaga
Mahasiswa3047,1.690914547575729,67,1,Bermasalah
Mahasiswa3048,1.386096671810873,10,1,Bermasalah
Mahasiswa3049,1.5904495142114823,76,0,Siaga
Mahasiswa3050,1.0571050526345571,72,1,Bermasalah
Mahasiswa3051,0.8213317548271992,3,1,Bermasalah
Mahasiswa3052,1.93215879023556,75,0,Siaga
Mahasiswa3053,1.0741350242704293,72,0,Siaga
Mahasiswa3054,1.1498466595890005,76,1,Bermasalah
Mahasiswa3055,2.6270242538982282,47,1,Bermasalah
Mahasiswa3056,3.874149326799569,25,0,Siaga
Mahasiswa3057,2.4145488022375003,76,0,Siaga
Mahasiswa3058,0.3079178682598651,38,0,Siaga
Mahasiswa3059,0.3023344554162679,91,0,Siaga
Mahasiswa3060,3.805692883382264,57,1,Siaga
Mahasiswa3061,1.1891631612293345,18,0,Siaga
Mahasiswa3062,0.36826794432990173,87,1,Bermasalah
Mahasiswa3063,2.3961783486015262,82,1,Bermasalah
Mahasiswa3064,2.4945951131610644,76,1,Bermasalah
Mahasiswa3065,2.5940192804747526,76,0,Siaga
Mahasiswa3066,1.0696081114301652,57,0,Siaga
Mahasiswa3067,0.06044273685790014,27,1,Bermasalah
Mahasiswa3068,3.8600614778178874,65,1,Siaga
Mahasiswa3069,1.00357218276441,9,1,Bermasalah
Mahasiswa3070,2.70410515221019,85,1,Siaga
Mahasiswa3071,2.8265194795148383,76,1,Siaga
Mahasiswa3072,2.4400296683179428,57,0,Siaga
Mahasiswa3073,1.2516295768545929,72,0,Siaga
Mahasiswa3074,1.084385015056263,96,0,Siaga
Mahasiswa3075,2.3906731308108125,13,1,Bermasalah
Mahasiswa3076,3.464382534446766,83,1,Aman
Mahasiswa3077,3.7869349156935823,14,0,Siaga
Mahasiswa3078,0.4236232176150305,95,0,Siaga
Mahasiswa3079,0.6193144503908794,32,1,Bermasalah
Mahasiswa3080,3.7789450351323186,16,0,Siaga
Mahasiswa3081,2.9461409133391703,23,0,Siaga
Mahasiswa3082,3.5319752993190923,29,0,Siaga
Mahasiswa3083,0.8105305365413726,61,1,Bermasalah
Mahasiswa3084,2.3503434844376074,12,1,Bermasalah
Mahasiswa3085,2.8045583776698946,61,0,Aman
Mahasiswa3086,2.7204475417878906,46,1,Bermasalah
Mahasiswa3087,1.6326067634667925,15,0,Siaga
Mahasiswa3088,0.061579566765233906,65,0,Siaga
Mahasiswa3089,2.3317042272170525,80,1,Bermasalah
Mahasiswa3090,1.012406156718435,95,1,Bermasalah
Mahasiswa3091,1.8010169845715613,42,1,Bermasalah
Mahasiswa3092,3.8303240603352693,7,0,Siaga
Mahasiswa3093,1.5961412705697389,2,0,Siaga
Mahasiswa3094,3.359206426657707,11,0,Siaga
Mahasiswa3095,0.7541624229970045,83,1,Bermasalah
Mahasiswa3096,2.6898419921001153,15,0,Siaga
Mahasiswa3097,3.908027817755774,77,0,Aman
Mahasiswa3098,0.40757240349174717,79,0,Siaga
Mahasiswa3099,0.03327976890876805,58,0,Siaga
Mahasiswa3100,1.7343311705304574,48,1,Bermasalah
Mahasiswa3101,0.3705019322054688,62,1,Bermasalah
Mahasiswa3102,2.9935373987049254,61,1,Siaga
Mahasiswa3103,3.6581946553942357,48,0,Siaga
Mahasiswa3104,1.7360838908350353,50,0,Siaga
Mahasiswa3105,1.0348465686217638,32,0,Siaga
Mahasiswa3106,1.7376132760264391,29,1,Bermasalah
Mahasiswa3107,2.893791271400004,58,1,Siaga
Mahasiswa3108,0.036216646321483914,75,1,Bermasalah
Mahasiswa3109,2.3578159579387887,14,1,Bermasalah
Mahasiswa3110,2.4531667395495163,81,1,Bermasalah
Mahasiswa3111,2.550752987583742,91,0,Siaga
Mahasiswa3112,0.9680883199235089,22,1,Bermasalah
Mahasiswa3113,2.856210893512507,77,1,Siaga
Mahasiswa3114,0.3655659453271056,93,1,Bermasalah
Mahasiswa3115,0.7970813458672033,96,0,Siaga
Mahasiswa3116,3.5098801866179277,44,1,Bermasalah
Mahasiswa3117,2.9548926029062654,61,1,Siaga
Mahasiswa3118,0.054982216045381005,78,1,Bermasalah
Mahasiswa3119,0.9935050414792008,70,0,Siaga
Mahasiswa3120,0.8576259319726582,14,0,Siaga
Mahasiswa3121,1.0832253121478903,45,1,Bermasalah
Mahasiswa3122,0.9902390811195456,63,1,Bermasalah
Mahasiswa3123,0.25010518297138296,45,1,Bermasalah
Mahasiswa3124,1.8357620663872813,55,1,Bermasalah
Mahasiswa3125,2.9309338991446605,43,0,Siaga
Mahasiswa3126,2.4269268988697457,74,1,Bermasalah
Mahasiswa3127,2.691486674392319,28,0,Siaga
Mahasiswa3128,0.3245967141449566,94,1,Bermasalah
Mahasiswa3129,3.805962840707149,61,0,Siaga
Mahasiswa3130,3.3539673353720993,88,0,Aman
Mahasiswa3131,3.220361273982651,51,1,Bermasalah
Mahasiswa3132,3.29193522016707,53,0,Siaga
Mahasiswa3133,3.7308420325310454,87,1,Aman
Mahasiswa3134,2.177015864454791,56,0,Siaga
Mahasiswa3135,0.8011280714705036,82,0,Siaga
Mahasiswa3136,2.4671344314101646,65,1,Bermasalah
Mahasiswa3137,2.971525974671756,21,1,Bermasalah
Mahasiswa3138,2.9516695734161016,19,0,Siaga
Mahasiswa3139,2.0857960966675204,32,0,Siaga
Mahasiswa3140,0.2738348773343122,71,1,Bermasalah
Mahasiswa3141,1.4844517537205113,24,1,Bermasalah
Mahasiswa3142,3.6830664338534294,45,1,Bermasalah
Mahasiswa3143,2.337795639029704,72,0,Siaga
Mahasiswa3144,2.1533277730228537,97,1,Bermasalah
Mahasiswa3145,1.075414057528774,56,1,Bermasalah
Mahasiswa3146,1.4737956796663156,86,0,Siaga
Mahasiswa3147,3.581384356612677,4,1,Bermasalah
Mahasiswa3148,2.665852190107343,54,1,Bermasalah
Mahasiswa3149,3.1495481070093314,60,1,Siaga
Mahasiswa3150,1.8173816922706205,88,1,Bermasalah
Mahasiswa3151,2.5209888778246317,7,0,Siaga
Mahasiswa3152,0.9935344349728301,15,1,Bermasalah
Mahasiswa3153,2.821843321133945,47,1,Bermasalah
Mahasiswa3154,1.7104053348133492,60,1,Bermasalah
Mahasiswa3155,1.7701820592589823,14,1,Bermasalah
Mahasiswa3156,2.5972892983075266,64,1,Siaga
Mahasiswa3157,3.7451224858757066,21,1,Bermasalah
Mahasiswa3158,0.2560253864344837,2,0,Siaga
Mahasiswa3159,3.2989729493880304,53,0,Siaga
Mahasiswa3160,1.1695324416487725,13,0,Siaga
Mahasiswa3161,1.7756778180255113,35,1,Bermasalah
Mahasiswa3162,0.08765331510003582,81,1,Bermasalah
Mahasiswa3163,1.2041843113372521,81,1,Bermasalah
Mahasiswa3164,2.010524970520522,66,0,Siaga
Mahasiswa3165,0.22470430938975605,9,1,Bermasalah
Mahasiswa3166,1.9643829175326606,48,0,Siaga
Mahasiswa3167,3.7084425154337093,64,1,Siaga
Mahasiswa3168,0.4215728724312209,90,1,Bermasalah
Mahasiswa3169,3.0577629123020174,56,0,Siaga
Mahasiswa3170,1.6386842135039705,26,0,Siaga
Mahasiswa3171,2.620694858097352,74,0,Siaga
Mahasiswa3172,1.0409463919409174,4,0,Siaga
Mahasiswa3173,0.6379690501654331,70,0,Siaga
Mahasiswa3174,0.6418504570849057,82,0,Siaga
Mahasiswa3175,0.2819677825725786,56,1,Bermasalah
Mahasiswa3176,0.7425868196049721,92,0,Siaga
Mahasiswa3177,2.656877539955873,14,1,Bermasalah
Mahasiswa3178,3.526762447374032,98,1,Aman
Mahasiswa3179,3.2565027423646473,100,1,Aman
Mahasiswa3180,2.7405372394979364,75,1,Siaga
Mahasiswa3181,0.4417274536444107,29,1,Bermasalah
Mahasiswa3182,1.1567497851837993,19,0,Siaga
Mahasiswa3183,1.239227501289876,36,0,Siaga
Mahasiswa3184,0.9998277855904849,2,0,Siaga
Mahasiswa3185,2.0600226388388925,72,1,Bermasalah
Mahasiswa3186,2.1422152595186903,40,0,Siaga
Mahasiswa3187,1.4275439006844408,38,1,Bermasalah
Mahasiswa3188,1.415156634945744,25,1,Bermasalah
Mahasiswa3189,3.3142223916243254,1,1,Bermasalah
Mahasiswa3190,3.1571713932787424,22,1,Bermasalah
Mahasiswa3191,1.2311833267229826,22,0,Siaga
Mahasiswa3192,3.655153775493037,84,0,Aman
Mahasiswa3193,3.811260068010024,15,0,Siaga
Mahasiswa3194,1.3069701681201633,8,0,Siaga
Mahasiswa3195,1.4176997951722194,12,0,Siaga
Mahasiswa3196,2.0225366136878353,27,1,Bermasalah
Mahasiswa3197,3.764483250134694,26,0,Siaga
Mahasiswa3198,3.505277732569246,50,1,Bermasalah
Mahasiswa3199,0.4102718503343592,63,1,Bermasalah
Mahasiswa3200,1.5709229730856649,51,1,Bermasalah
Mahasiswa3201,2.2134847589990874,80,0,Siaga
Mahasiswa3202,2.01252989020616,37,1,Bermasalah
Mahasiswa3203,0.7754522717475707,99,1,Bermasalah
Mahasiswa3204,3.4352670846726188,64,0,Siaga
Mahasiswa3205,2.7077631319873494,17,1,Bermasalah
Mahasiswa3206,3.3516334994072143,62,1,Siaga
Mahasiswa3207,3.4350571173978888,50,1,Bermasalah
Mahasiswa3208,2.993423414662959,8,0,Siaga
Mahasiswa3209,1.7568424049988693,12,1,Bermasalah
Mahasiswa3210,2.442187020061698,39,1,Bermasalah
Mahasiswa3211,0.6414616244789726,54,0,Siaga
Mahasiswa3212,2.6945816698996308,78,0,Siaga
Mahasiswa3213,0.717013022957123,42,1,Bermasalah
Mahasiswa3214,2.7757983620406272,43,0,Siaga
Mahasiswa3215,0.9183926430158746,67,0,Siaga
Mahasiswa3216,0.4702052006008799,32,0,Siaga
Mahasiswa3217,0.6611379605718297,23,0,Siaga
Mahasiswa3218,0.007968540876281072,35,0,Siaga
Mahasiswa3219,2.874958471414121,9,0,Siaga
Mahasiswa3220,2.9296041962335164,99,0,Siaga
Mahasiswa3221,2.059733399653038,19,1,Bermasalah
Mahasiswa3222,0.6454512042215348,74,0,Siaga
Mahasiswa3223,0.334217350042759,11,0,Siaga
Mahasiswa3224,0.07651586574914804,61,0,Siaga
Mahasiswa3225,0.6629927078608828,17,1,Bermasalah
Mahasiswa3226,3.563422139932587,93,0,Aman
Mahasiswa3227,0.9661473668067271,100,0,Siaga
Mahasiswa3228,1.4170853088688626,62,1,Bermasalah
Mahasiswa3229,0.42138193792533274,83,0,Siaga
Mahasiswa3230,0.8894452189926811,24,1,Bermasalah
Mahasiswa3231,2.0768982831208205,11,1,Bermasalah
Mahasiswa3232,2.4310107323826102,20,0,Siaga
Mahasiswa3233,0.9814092566648442,24,1,Bermasalah
Mahasiswa3234,0.23092863690046883,10,0,Siaga
Mahasiswa3235,1.5641314765095946,63,0,Siaga
Mahasiswa3236,0.9368134837053366,72,1,Bermasalah
Mahasiswa3237,0.8782156929192078,49,1,Bermasalah
Mahasiswa3238,3.839451210853821,61,0,Siaga
Mahasiswa3239,2.4652019437028962,88,0,Siaga
Mahasiswa3240,2.2275137726883836,98,1,Bermasalah
Mahasiswa3241,1.6631004140932877,95,0,Siaga
Mahasiswa3242,1.715777333720577,48,0,Siaga
Mahasiswa3243,2.1636200153523233,13,0,Siaga
Mahasiswa3244,2.785719228144429,0,1,Bermasalah
Mahasiswa3245,2.8085843847273178,80,0,Siaga
Mahasiswa3246,0.6867756308217983,24,0,Siaga
Mahasiswa3247,2.000451008306508,58,0,Siaga
Mahasiswa3248,1.6478323801364079,71,1,Bermasalah
Mahasiswa3249,3.482107865077537,68,1,Siaga
Mahasiswa3250,2.5256756848735056,4,1,Bermasalah
Mahasiswa3251,2.130016265663927,98,0,Siaga
Mahasiswa3252,0.4615785687156695,18,1,Bermasalah
Mahasiswa3253,2.422551557293646,22,0,Siaga
Mahasiswa3254,0.4688156227209337,8,1,Bermasalah
Mahasiswa3255,1.3488263022630083,93,0,Siaga
Mahasiswa3256,0.5713678592573275,49,1,Bermasalah
Mahasiswa3257,2.7682945880974756,15,0,Siaga
Mahasiswa3258,0.8250084553446104,32,0,Siaga
Mahasiswa3259,1.567437492752104,1,1,Bermasalah
Mahasiswa3260,3.5826991104751147,13,0,Siaga
Mahasiswa3261,0.8172655335958812,0,1,Bermasalah
Mahasiswa3262,2.0312202558351165,89,1,Bermasalah
Mahasiswa3263,1.677086644664088,57,0,Siaga
Mahasiswa3264,0.07249616418291893,88,0,Siaga
Mahasiswa3265,3.171032454291251,15,1,Bermasalah
Mahasiswa3266,0.2761836252583989,78,1,Bermasalah
Mahasiswa3267,1.8970200839078144,89,1,Bermasalah
Mahasiswa3268,2.2427131797557998,46,0,Siaga
Mahasiswa3269,2.5137058264583483,43,1,Bermasalah
Mahasiswa3270,2.7545265172315023,79,0,Siaga
Mahasiswa3271,1.0130895340908603,13,0,Siaga
Mahasiswa3272,0.03991510663379749,92,1,Bermasalah
Mahasiswa3273,2.893774649419648,23,1,Bermasalah
Mahasiswa3274,2.1426263973903144,54,0,Siaga
Mahasiswa3275,3.344470812828995,14,0,Siaga
Mahasiswa3276,3.285553451602777,82,0,Aman
Mahasiswa3277,3.3733046711515327,71,0,Aman
Mahasiswa3278,1.9403786399181606,33,1,Bermasalah
Mahasiswa3279,1.3345135833474626,1,0,Siaga
Mahasiswa3280,3.16623281036548,26,1,Bermasalah
Mahasiswa3281,1.8051764521170197,73,1,Bermasalah
Mahasiswa3282,0.733768785613738,98,1,Bermasalah
Mahasiswa3283,3.4198960782458974,86,0,Aman
Mahasiswa3284,3.530239507089389,71,0,Aman
Mahasiswa3285,1.8652390245606805,91,1,Bermasalah
Mahasiswa3286,0.30279890923914987,22,1,Bermasalah
Mahasiswa3287,1.551304359667725,67,1,Bermasalah
Mahasiswa3288,3.2141506378504134,13,1,Bermasalah
Mahasiswa3289,3.6070961141849147,62,0,Siaga
Mahasiswa3290,0.8138909699903834,92,1,Bermasalah
Mahasiswa3291,0.2678944481010861,64,0,Siaga
Mahasiswa3292,3.5094018125313546,67,0,Siaga
Mahasiswa3293,1.5576197559155012,62,0,Siaga
Mahasiswa3294,2.167043857070253,95,0,Siaga
Mahasiswa3295,3.8722632482030357,96,1,Aman
Mahasiswa3296,0.2662589116568914,89,0,Siaga
Mahasiswa3297,2.5932720298083822,80,1,Siaga
Mahasiswa3298,0.2964216902994683,86,0,Siaga
Mahasiswa3299,1.5018757138660015,63,1,Bermasalah
Mahasiswa3300,3.215258180773787,31,1,Bermasalah
Mahasiswa3301,1.7338889310225376,78,1,Bermasalah
Mahasiswa3302,3.9887294156118016,12,1,Bermasalah
Mahasiswa3303,2.2362371397864087,65,1,Bermasalah
Mahasiswa3304,1.284648610543814,18,0,Siaga
Mahasiswa3305,0.8804453036190125,23,1,Bermasalah
Mahasiswa3306,1.4020821371446472,87,0,Siaga
Mahasiswa3307,1.4901330950382032,10,1,Bermasalah
Mahasiswa3308,0.2748547108958439,58,0,Siaga
Mahasiswa3309,1.4782967977070927,85,0,Siaga
Mahasiswa3310,1.8569540789568997,14,0,Siaga
Mahasiswa3311,2.8909510089552186,9,1,Bermasalah
Mahasiswa3312,2.626917938886432,40,0,Siaga
Mahasiswa3313,2.835062620916617,26,1,Bermasalah
Mahasiswa3314,0.033454727507428395,59,1,Bermasalah
Mahasiswa3315,0.8706695983221442,72,0,Siaga
Mahasiswa3316,2.646737153599426,51,0,Siaga
Mahasiswa3317,1.9359574727189885,27,1,Bermasalah
Mahasiswa3318,0.021253902673383784,64,1,Bermasalah
Mahasiswa3319,3.2179785697272894,16,1,Bermasalah
Mahasiswa3320,3.0912382931613496,94,1,Aman
Mahasiswa3321,2.1936766519742505,43,1,Bermasalah
Mahasiswa3322,0.2658533031050885,9,1,Bermasalah
Mahasiswa3323,3.0660601981303386,62,0,Siaga
Mahasiswa3324,2.334854350925456,100,1,Bermasalah
Mahasiswa3325,3.1278399086318367,92,1,Aman
Mahasiswa3326,3.0069879695833617,81,0,Aman
Mahasiswa3327,3.2120082878313485,46,0,Siaga
Mahasiswa3328,2.0720322656184993,37,0,Siaga
Mahasiswa3329,0.56129807277406,69,1,Bermasalah
Mahasiswa3330,2.6846298935187547,75,0,Siaga
Mahasiswa3331,2.4818951402078824,52,0,Siaga
Mahasiswa3332,2.9690127487963487,77,1,Siaga
Mahasiswa3333,0.6795240242029412,43,1,Bermasalah
Mahasiswa3334,0.7799007996011569,73,1,Bermasalah
Mahasiswa3335,3.561638068877314,53,1,Bermasalah
Mahasiswa3336,2.999911193808283,19,0,Siaga
Mahasiswa3337,3.6329139548012916,78,1,Aman
Mahasiswa3338,3.034861284655683,30,0,Siaga
Mahasiswa3339,2.3886212239612075,6,1,Bermasalah
Mahasiswa3340,2.6165309481114947,57,0,Aman
Mahasiswa3341,3.55651169576004,9,1,Bermasalah
Mahasiswa3342,2.315227018047762,9,1,Bermasalah
Mahasiswa3343,2.5295652973135496,38,1,Bermasalah
Mahasiswa3344,0.6259068640144023,27,0,Siaga
Mahasiswa3345,1.8956848804644109,29,0,Siaga
Mahasiswa3346,2.865588447832396,36,0,Siaga
Mahasiswa3347,1.0837707932654617,66,1,Bermasalah
Mahasiswa3348,0.8090167220981397,42,0,Siaga
Mahasiswa3349,1.2553072328976622,78,1,Bermasalah
Mahasiswa3350,0.9660025119713338,84,1,Bermasalah
Mahasiswa3351,0.8596505481455834,51,1,Bermasalah
Mahasiswa3352,1.6994033714723478,100,0,Siaga
Mahasiswa3353,3.6313540555341364,55,1,Siaga
Mahasiswa3354,2.028238586954873,75,0,Siaga
Mahasiswa3355,0.7516815232612921,67,1,Bermasalah
Mahasiswa3356,0.3078866775234963,8,1,Bermasalah
Mahasiswa3357,2.784624580551701,91,1,Siaga
Mahasiswa3358,1.5311950577455513,22,0,Siaga
Mahasiswa3359,3.287323786341437,62,0,Siaga
Mahasiswa3360,2.6380430745630807,60,1,Siaga
Mahasiswa3361,3.184965802165474,39,0,Siaga
Mahasiswa3362,1.087784157673795,43,0,Siaga
Mahasiswa3363,2.7694356898442325,85,1,Siaga
Mahasiswa3364,1.056247938774875,23,1,Bermasalah
Mahasiswa3365,3.7562739178011664,50,0,Siaga
Mahasiswa3366,2.5454971261334975,57,1,Siaga
Mahasiswa3367,1.2980472007013684,89,1,Bermasalah
Mahasiswa3368,1.0780474491690906,93,0,Siaga
Mahasiswa3369,0.763706340286574,32,0,Siaga
Mahasiswa3370,2.778563835574911,15,1,Bermasalah
Mahasiswa3371,0.8748624519917092,21,0,Siaga
Mahasiswa3372,2.3812130637099562,56,0,Siaga
Mahasiswa3373,1.0585401077014294,61,1,Bermasalah
Mahasiswa3374,2.6478757791754743,81,1,Siaga
Mahasiswa3375,3.259758914162157,70,1,Aman
Mahasiswa3376,3.1121009725786126,89,1,Aman
Mahasiswa3377,3.043405323723127,71,0,Aman
Mahasiswa3378,0.7508896227690083,69,0,Siaga
Mahasiswa3379,0.35353978793807483,29,1,Bermasalah
Mahasiswa3380,2.7957953139495424,22,1,Bermasalah
Mahasiswa3381,1.4733888551774053,31,1,Bermasalah
Mahasiswa3382,1.7293849056133892,85,1,Bermasalah
Mahasiswa3383,0.12459637117356426,56,0,Siaga
Mahasiswa3384,1.0383057971001968,8,0,Siaga
Mahasiswa3385,0.1347056154978561,30,1,Bermasalah
Mahasiswa3386,3.5167430904049906,70,1,Aman
Mahasiswa3387,0.9735867328741219,8,0,Siaga
Mahasiswa3388,2.229348678292032,12,0,Siaga
Mahasiswa3389,0.15591728264452165,57,0,Siaga
Mahasiswa3390,2.6673895652226323,2,0,Siaga
Mahasiswa3391,1.2921093830163755,34,1,Bermasalah
Mahasiswa3392,3.5916767478306633,96,0,Aman
Mahasiswa3393,3.5524727557361433,20,0,Siaga
Mahasiswa3394,1.301162473446991,63,0,Siaga
Mahasiswa3395,3.6038435827618716,94,1,Aman
Mahasiswa3396,3.9846306939951153,51,1,Bermasalah
Mahasiswa3397,3.3016626564957923,33,0,Siaga
Mahasiswa3398,3.379485391020916,95,0,Aman
Mahasiswa3399,0.9960349444363596,34,1,Bermasalah
Mahasiswa3400,2.3068095954310253,14,1,Bermasalah
Mahasiswa3401,0.2690236558694714,95,0,Siaga
Mahasiswa3402,0.37967174728667885,5,1,Bermasalah
Mahasiswa3403,3.9955704481331624,84,0,Aman
Mahasiswa3404,1.3065569977036438,96,1,Bermasalah
Mahasiswa3405,2.9927356481953855,31,0,Siaga
Mahasiswa3406,3.226660212107266,51,0,Siaga
Mahasiswa3407,3.4320930840289168,82,1,Aman
Mahasiswa3408,3.990513189608626,96,0,Aman
Mahasiswa3409,0.9659859410274714,27,1,Bermasalah
Mahasiswa3410,0.16140330743879883,94,1,Bermasalah
Mahasiswa3411,1.644766071978344,84,1,Bermasalah
Mahasiswa3412,0.5203226793157878,97,0,Siaga
Mahasiswa3413,0.0897035566482205,63,0,Siaga
Mahasiswa3414,1.4417073085659444,78,0,Siaga
Mahasiswa3415,3.1349530043009457,77,1,Aman
Mahasiswa3416,2.2647227649002835,18,0,Siaga
Mahasiswa3417,1.2511119568414162,14,0,Siaga
Mahasiswa3418,2.617368021970879,5,0,Siaga
Mahasiswa3419,0.9280727212352429,72,0,Siaga
Mahasiswa3420,0.0575257842883401,100,1,Bermasalah
Mahasiswa3421,3.0574135457457094,83,0,Aman
Mahasiswa3422,2.4949723394560364,97,1,Bermasalah
Mahasiswa3423,3.04921049800384,37,1,Bermasalah
Mahasiswa3424,0.15575206675066244,25,1,Bermasalah
Mahasiswa3425,3.3484785113226088,81,1,Aman
Mahasiswa3426,2.4781048001452133,91,0,Siaga
Mahasiswa3427,2.2535814028505605,50,0,Siaga
Mahasiswa3428,2.4984561924581263,72,0,Siaga
Mahasiswa3429,3.4577329874734564,95,1,Aman
Mahasiswa3430,2.3477460262356282,52,0,Siaga
Mahasiswa3431,2.3238015195527173,55,1,Bermasalah
Mahasiswa3432,3.9627166282630633,58,0,Siaga
Mahasiswa3433,3.026920668274272,69,0,Siaga
Mahasiswa3434,1.7691752218045411,77,0,Siaga
Mahasiswa3435,2.829588000131711,91,1,Siaga
Mahasiswa3436,1.556921886767154,57,0,Siaga
Mahasiswa3437,0.915501849933996,87,1,Bermasalah
Mahasiswa3438,2.3874075075510377,12,1,Bermasalah
Mahasiswa3439,3.712728392455806,42,1,Bermasalah
Mahasiswa3440,3.716558080061851,75,0,Aman
Mahasiswa3441,1.3676211124219613,50,0,Siaga
Mahasiswa3442,2.11070986488678,18,1,Bermasalah
Mahasiswa3443,0.8465435942794448,20,1,Bermasalah
Mahasiswa3444,3.982524437995534,90,1,Aman
Mahasiswa3445,3.924471631471743,82,1,Aman
Mahasiswa3446,2.5980357188297893,23,1,Bermasalah
Mahasiswa3447,3.2176562387098935,25,0,Siaga
Mahasiswa3448,2.8604006451348,44,0,Siaga
Mahasiswa3449,2.3726328761578728,27,0,Siaga
Mahasiswa3450,0.21339198795559078,81,1,Bermasalah
Mahasiswa3451,1.8190573702106443,99,1,Bermasalah
Mahasiswa3452,2.699145208669642,28,0,Siaga
Mahasiswa3453,2.7101264555347386,16,0,Siaga
Mahasiswa3454,1.4924904736895344,67,1,Bermasalah
Mahasiswa3455,3.766767946632122,43,1,Bermasalah
Mahasiswa3456,0.669428128947124,60,1,Bermasalah
Mahasiswa3457,2.0014377848622424,92,0,Siaga
Mahasiswa3458,2.763535906203291,67,1,Siaga
Mahasiswa3459,2.788543223567237,73,1,Siaga
Mahasiswa3460,2.5945558270752622,24,1,Bermasalah
Mahasiswa3461,1.1011528538074407,94,0,Siaga
Mahasiswa3462,0.6248262747464879,66,1,Bermasalah
Mahasiswa3463,2.5437613073068435,1,0,Siaga
Mahasiswa3464,2.397208464557751,88,1,Bermasalah
Mahasiswa3465,0.7174240411569639,48,1,Bermasalah
Mahasiswa3466,2.8205565822822534,69,0,Aman
Mahasiswa3467,1.8206879669346256,25,1,Bermasalah
Mahasiswa3468,2.6710423664126117,71,0,Siaga
Mahasiswa3469,3.3494683190806027,98,1,Aman
Mahasiswa3470,0.6789137143076927,26,0,Siaga
Mahasiswa3471,0.07657947198734671,88,1,Bermasalah
Mahasiswa3472,3.116410345583147,17,0,Siaga
Mahasiswa3473,2.4387897006104637,53,0,Siaga
Mahasiswa3474,2.798558278488487,0,1,Bermasalah
Mahasiswa3475,3.35261989995457,60,0,Siaga
Mahasiswa3476,3.211243739298002,2,1,Bermasalah
Mahasiswa3477,3.8436805877152986,67,0,Siaga
Mahasiswa3478,2.143740315408473,40,1,Bermasalah
Mahasiswa3479,1.9539825306396215,36,1,Bermasalah
Mahasiswa3480,1.6075487995629203,50,1,Bermasalah
Mahasiswa3481,0.6147641713768182,14,1,Bermasalah
Mahasiswa3482,2.2904289315280897,7,0,Siaga
Mahasiswa3483,1.1080500973039151,37,1,Bermasalah
Mahasiswa3484,3.685230048851902,82,1,Aman
Mahasiswa3485,2.3327632171083903,55,1,Bermasalah
Mahasiswa3486,2.3713607220324406,46,1,Bermasalah
Mahasiswa3487,1.41969864350804,89,1,Bermasalah
Mahasiswa3488,0.20795740791082995,9,0,Siaga
Mahasiswa3489,0.12697506149195448,77,1,Bermasalah
Mahasiswa3490,1.69334057661279,48,0,Siaga
Mahasiswa3491,0.3382615123889514,40,0,Siaga
Mahasiswa3492,2.4273878221605565,82,1,Bermasalah
Mahasiswa3493,3.5238920225586297,29,1,Bermasalah
Mahasiswa3494,3.5316592660748887,4,0,Siaga
Mahasiswa3495,2.6361816405289296,94,0,Siaga
Mahasiswa3496,0.844927325891724,70,0,Siaga
Mahasiswa3497,3.4519873254354883,82,1,Aman
Mahasiswa3498,3.5443737412528327,30,0,Siaga
Mahasiswa3499,0.7866143398118348,51,0,Siaga
Mahasiswa3500,2.949704343082709,87,1,Siaga
Mahasiswa3501,1.1460781957084918,97,0,Siaga
Mahasiswa3502,3.2105612494117186,22,1,Bermasalah
Mahasiswa3503,3.9889515996144107,47,0,Siaga
Mahasiswa3504,0.12010402131757125,39,1,Bermasalah
Mahasiswa3505,3.5894634631637277,5,0,Siaga
Mahasiswa3506,2.490522134394632,37,1,Bermasalah
Mahasiswa3507,3.8935304766592846,40,1,Bermasalah
Mahasiswa3508,1.8600380701057104,99,0,Siaga
Mahasiswa3509,3.389551722285495,26,1,Bermasalah
Mahasiswa3510,0.24957627439310892,74,0,Siaga
Mahasiswa3511,1.341116200313183,68,1,Bermasalah
Mahasiswa3512,0.2680661510048399,56,1,Bermasalah
Mahasiswa3513,3.901372533916282,16,1,Bermasalah
Mahasiswa3514,3.267895629087347,70,1,Aman
Mahasiswa3515,3.410189684983882,90,1,Aman
Mahasiswa3516,3.751860925735577,46,1,Bermasalah
Mahasiswa3517,0.3404139444791414,78,1,Bermasalah
Mahasiswa3518,1.5423903700533335,12,0,Siaga
Mahasiswa3519,0.2841395561760085,10,0,Siaga
Mahasiswa3520,0.8431724062001145,89,1,Bermasalah
Mahasiswa3521,0.9174631081506894,85,1,Bermasalah
Mahasiswa3522,1.8764288441903147,91,1,Bermasalah
Mahasiswa3523,1.0742486698145703,23,0,Siaga
Mahasiswa3524,0.40391242727104437,92,1,Bermasalah
Mahasiswa3525,0.6699643563764308,72,0,Siaga
Mahasiswa3526,0.5891022542083637,3,1,Bermasalah
Mahasiswa3527,3.892307191649193,45,1,Bermasalah
Mahasiswa3528,3.0371700276738944,17,1,Bermasalah
Mahasiswa3529,3.871045861078248,42,1,Bermasalah
Mahasiswa3530,1.7589619460316341,79,1,Bermasalah
Mahasiswa3531,1.1134739266506264,32,0,Siaga
Mahasiswa3532,3.1931727888367467,92,1,Aman
Mahasiswa3533,1.3050156721645871,9,0,Siaga
Mahasiswa3534,1.1975334948213932,72,0,Siaga
Mahasiswa3535,0.9300239688313248,58,1,Bermasalah
Mahasiswa3536,0.5187159128969414,30,1,Bermasalah
Mahasiswa3537,1.0258522440670639,27,1,Bermasalah
Mahasiswa3538,1.4212789938955508,59,0,Siaga
Mahasiswa3539,2.6959768325829216,2,0,Siaga
Mahasiswa3540,0.2502593688778063,54,0,Siaga
Mahasiswa3541,0.8420277586613718,13,1,Bermasalah
Mahasiswa3542,3.2360945611667056,57,0,Siaga
Mahasiswa3543,0.587687694335083,88,0,Siaga
Mahasiswa3544,1.3705805860900862,14,0,Siaga
Mahasiswa3545,3.4586356874325603,1,1,Bermasalah
Mahasiswa3546,0.6197012445737706,23,0,Siaga
Mahasiswa3547,0.3309473424727596,77,0,Siaga
Mahasiswa3548,1.9381519803200433,63,1,Bermasalah
Mahasiswa3549,1.2096780451141456,70,1,Bermasalah
Mahasiswa3550,2.2536334579354165,99,1,Bermasalah
Mahasiswa3551,3.2152195619339006,23,0,Siaga
Mahasiswa3552,0.5485939526109727,26,0,Siaga
Mahasiswa3553,2.32279633821714,36,0,Siaga
Mahasiswa3554,2.0220350415594557,93,1,Bermasalah
Mahasiswa3555,0.5763151440527983,90,0,Siaga
Mahasiswa3556,2.4959939421159296,38,1,Bermasalah
Mahasiswa3557,1.0945616714430866,62,1,Bermasalah
Mahasiswa3558,1.95133727417605,78,0,Siaga
Mahasiswa3559,0.3290892971082475,25,0,Siaga
Mahasiswa3560,1.8383362288544922,64,0,Siaga
Mahasiswa3561,1.2258538721712813,3,1,Bermasalah
Mahasiswa3562,3.2895248447414174,28,1,Bermasalah
Mahasiswa3563,0.22791490798947311,0,0,Siaga
Mahasiswa3564,1.6744290996733198,49,1,Bermasalah
Mahasiswa3565,1.833725696525752,85,0,Siaga
Mahasiswa3566,2.900024305196475,10,0,Siaga
Mahasiswa3567,2.297150300360844,73,0,Siaga
Mahasiswa3568,2.668849348776724,58,1,Siaga
Mahasiswa3569,3.1081971426070245,61,1,Siaga
Mahasiswa3570,3.448811894632755,80,0,Aman
Mahasiswa3571,1.255501986889882,35,0,Siaga
Mahasiswa3572,2.152090821455612,55,1,Bermasalah
Mahasiswa3573,3.3604323137567995,89,0,Aman
Mahasiswa3574,3.9578045238602257,20,1,Bermasalah
Mahasiswa3575,3.5580772441750526,12,0,Siaga
Mahasiswa3576,1.4858690504975072,8,1,Bermasalah
Mahasiswa3577,0.7806660688746017,10,0,Siaga
Mahasiswa3578,1.957570149626355,74,1,Bermasalah
Mahasiswa3579,2.966565807344169,69,0,Aman
Mahasiswa3580,1.9702762830131904,0,1,Bermasalah
Mahasiswa3581,1.932723453254674,69,1,Bermasalah
Mahasiswa3582,3.3529216843272023,76,1,Aman
Mahasiswa3583,1.4456151162687454,85,1,Bermasalah
Mahasiswa3584,3.4391786992465825,55,0,Siaga
Mahasiswa3585,1.6272192038068942,30,1,Bermasalah
Mahasiswa3586,1.3129324227133576,85,1,Bermasalah
Mahasiswa3587,1.815959644798796,36,0,Siaga
Mahasiswa3588,3.049787834699474,46,1,Bermasalah
Mahasiswa3589,0.5040081114559771,90,0,Siaga
Mahasiswa3590,0.7856768634880695,77,1,Bermasalah
Mahasiswa3591,3.805779302652368,46,1,Bermasalah
Mahasiswa3592,0.7019665095254295,68,1,Bermasalah
Mahasiswa3593,2.2709092717242183,57,1,Bermasalah
Mahasiswa3594,2.3172578666477515,35,1,Bermasalah
Mahasiswa3595,1.9584978482009792,31,1,Bermasalah
Mahasiswa3596,2.5789809943072743,97,0,Siaga
Mahasiswa3597,0.9193069031904737,63,0,Siaga
Mahasiswa3598,2.210649071106993,70,1,Bermasalah
Mahasiswa3599,1.4886930209875886,41,1,Bermasalah
Mahasiswa3600,2.646669038516756,47,0,Siaga
Mahasiswa3601,0.5648941734925979,73,0,Siaga
Mahasiswa3602,2.283509667357905,80,1,Bermasalah
Mahasiswa3603,0.7410814215332948,29,1,Bermasalah
Mahasiswa3604,1.1145722524601456,20,1,Bermasalah
Mahasiswa3605,0.8748392012943329,59,1,Bermasalah
Mahasiswa3606,0.7313511194752684,12,1,Bermasalah
Mahasiswa3607,3.302843806242668,0,1,Bermasalah
Mahasiswa3608,1.1428302706435614,64,0,Siaga
Mahasiswa3609,3.7084951274577973,32,1,Bermasalah
Mahasiswa3610,3.8797061013807634,37,1,Bermasalah
Mahasiswa3611,2.2850418797483893,24,0,Siaga
Mahasiswa3612,0.5720044906629056,25,0,Siaga
Mahasiswa3613,1.498192973518325,76,0,Siaga
Mahasiswa3614,3.190929053392856,58,0,Siaga
Mahasiswa3615,1.4695629147882818,91,1,Bermasalah
Mahasiswa3616,0.348068873211155,32,0,Siaga
Mahasiswa3617,2.2271396437127517,100,0,Siaga
Mahasiswa3618,3.380483405984139,40,1,Bermasalah
Mahasiswa3619,3.1837055485740096,29,0,Siaga
Mahasiswa3620,0.700492560521413,56,0,Siaga
Mahasiswa3621,2.691058457649867,48,1,Bermasalah
Mahasiswa3622,0.8820170537425884,47,1,Bermasalah
Mahasiswa3623,0.8728301382086889,71,1,Bermasalah
Mahasiswa3624,3.4962870932207406,48,1,Bermasalah
Mahasiswa3625,0.9986758109609206,46,1,Bermasalah
Mahasiswa3626,1.0529893860720447,55,1,Bermasalah
Mahasiswa3627,0.0026135630451982195,64,1,Bermasalah
Mahasiswa3628,3.4826761365020706,11,0,Siaga
Mahasiswa3629,3.170379252836539,68,0,Siaga
Mahasiswa3630,2.509315740362712,87,1,Siaga
Mahasiswa3631,3.001063055755369,5,0,Siaga
Mahasiswa3632,0.6081942696979672,88,1,Bermasalah
Mahasiswa3633,1.8332943783503017,64,0,Siaga
Mahasiswa3634,1.4048775493951235,24,1,Bermasalah
Mahasiswa3635,0.37510610502806596,0,0,Siaga
Mahasiswa3636,1.9445219408596963,31,1,Bermasalah
Mahasiswa3637,3.6829586013705415,2,0,Siaga
Mahasiswa3638,0.16023647620277792,48,1,Bermasalah
Mahasiswa3639,1.1658436539751755,18,0,Siaga
Mahasiswa3640,0.8301637448228139,59,0,Siaga
Mahasiswa3641,0.9525866146627853,28,1,Bermasalah
Mahasiswa3642,3.633738207517501,49,0,Siaga
Mahasiswa3643,1.8722762169371605,1,0,Siaga
Mahasiswa3644,1.8651976517592752,72,0,Siaga
Mahasiswa3645,3.0423025698211292,55,0,Siaga
Mahasiswa3646,0.6179688160197032,16,0,Siaga
Mahasiswa3647,1.9490614164002031,59,1,Bermasalah
Mahasiswa3648,1.719940856484239,35,1,Bermasalah
Mahasiswa3649,2.3876427621866245,60,0,Siaga
Mahasiswa3650,3.9982308130017543,16,1,Bermasalah
Mahasiswa3651,3.0777955763281883,48,0,Siaga
Mahasiswa3652,1.5914628120697087,75,1,Bermasalah
Mahasiswa3653,3.310212209096188,59,0,Siaga
Mahasiswa3654,0.6828334532499207,19,0,Siaga
Mahasiswa3655,0.1218547452358405,49,0,Siaga
Mahasiswa3656,0.8177934898570922,2,0,Siaga
Mahasiswa3657,1.3616462244570386,42,1,Bermasalah
Mahasiswa3658,2.0423230298382395,56,1,Bermasalah
Mahasiswa3659,2.4605165621647993,49,1,Bermasalah
Mahasiswa3660,3.642422868857687,67,0,Siaga
Mahasiswa3661,2.0394160382018307,80,1,Bermasalah
Mahasiswa3662,2.0051025785029175,49,1,Bermasalah
Mahasiswa3663,0.20097203929192853,36,0,Siaga
Mahasiswa3664,0.13964621062489524,45,0,Siaga
Mahasiswa3665,2.2046398476654883,41,0,Siaga
Mahasiswa3666,1.752714452993378,14,1,Bermasalah
Mahasiswa3667,3.3567215799211945,32,1,Bermasalah
Mahasiswa3668,0.6427183388473807,79,0,Siaga
Mahasiswa3669,0.09988664846819839,10,1,Bermasalah
Mahasiswa3670,1.7961550717205035,19,0,Siaga
Mahasiswa3671,0.9499142270090299,23,1,Bermasalah
Mahasiswa3672,0.1984574933553498,63,0,Siaga
Mahasiswa3673,2.898393147390516,79,1,Siaga
Mahasiswa3674,0.4463719998289899,93,1,Bermasalah
Mahasiswa3675,2.4332780000310867,97,1,Bermasalah
Mahasiswa3676,1.1241990006675566,64,0,Siaga
Mahasiswa3677,0.6939842014200881,87,0,Siaga
Mahasiswa3678,1.5190060916772699,87,0,Siaga
Mahasiswa3679,3.2057831048918146,72,1,Aman
Mahasiswa3680,1.5683743076182908,85,0,Siaga
Mahasiswa3681,3.003078596844223,75,1,Aman
Mahasiswa3682,0.5019451871966027,16,0,Siaga
Mahasiswa3683,3.0910856786603165,88,0,Aman
Mahasiswa3684,0.9477332996265946,91,1,Bermasalah
Mahasiswa3685,2.709572519555491,60,1,Siaga
Mahasiswa3686,2.2631262193639854,14,0,Siaga
Mahasiswa3687,3.7165788688467494,93,0,Aman
Mahasiswa3688,1.5492900719012561,50,1,Bermasalah
Mahasiswa3689,0.2646607553377618,26,1,Bermasalah
Mahasiswa3690,0.07662194220501162,85,0,Siaga
Mahasiswa3691,3.3074342438910125,73,1,Aman
Mahasiswa3692,2.0989425506457287,60,0,Siaga
Mahasiswa3693,3.100976207339797,57,0,Siaga
Mahasiswa3694,0.9377024000460588,30,0,Siaga
Mahasiswa3695,1.380334982052935,90,1,Bermasalah
Mahasiswa3696,0.12041548884527575,11,0,Siaga
Mahasiswa3697,3.8459692982964486,45,0,Siaga
Mahasiswa3698,2.6714716268032537,30,1,Bermasalah
Mahasiswa3699,3.732820351037225,31,1,Bermasalah
Mahasiswa3700,1.0619856297162893,31,1,Bermasalah
Mahasiswa3701,2.4458544449026434,98,0,Siaga
Mahasiswa3702,2.7139998731705512,52,1,Bermasalah
Mahasiswa3703,1.2701988010303538,60,1,Bermasalah
Mahasiswa3704,3.3924369400625203,45,0,Siaga
Mahasiswa3705,3.7886458516009913,84,0,Aman
Mahasiswa3706,3.5394204707840173,73,0,Aman
Mahasiswa3707,2.95626790375749,79,0,Siaga
Mahasiswa3708,1.1098587188998161,6,1,Bermasalah
Mahasiswa3709,1.126464168422527,3,0,Siaga
Mahasiswa3710,3.8534412817841517,90,1,Aman
Mahasiswa3711,0.041137983742768114,51,0,Siaga
Mahasiswa3712,2.864199892968578,88,0,Siaga
Mahasiswa3713,2.8249846502210487,30,1,Bermasalah
Mahasiswa3714,2.49075816379919,74,1,Bermasalah
Mahasiswa3715,3.960435384347463,83,1,Aman
Mahasiswa3716,1.247517743054901,35,0,Siaga
Mahasiswa3717,1.3598874551729927,53,0,Siaga
Mahasiswa3718,0.3157576117862222,53,1,Bermasalah
Mahasiswa3719,1.7711925461749498,16,1,Bermasalah
Mahasiswa3720,1.0441941049393924,74,0,Siaga
Mahasiswa3721,1.3735468087105769,29,1,Bermasalah
Mahasiswa3722,3.3382871610225107,98,1,Aman
Mahasiswa3723,3.741938054109983,21,0,Siaga
Mahasiswa3724,0.7429322880207425,42,1,Bermasalah
Mahasiswa3725,1.4900357262138635,26,0,Siaga
Mahasiswa3726,3.7145222484615763,36,0,Siaga
Mahasiswa3727,0.24723384275689053,45,0,Siaga
Mahasiswa3728,0.36944211244551406,34,1,Bermasalah
Mahasiswa3729,0.6511639568249175,3,1,Bermasalah
Mahasiswa3730,2.380851336507499,79,1,Bermasalah
Mahasiswa3731,0.6018890840239899,79,1,Bermasalah
Mahasiswa3732,3.872305525802934,84,0,Aman
Mahasiswa3733,1.7868581090340814,25,0,Siaga
Mahasiswa3734,2.0060718414006655,99,1,Bermasalah
Mahasiswa3735,0.986634463221626,18,1,Bermasalah
Mahasiswa3736,1.883841009738934,80,1,Bermasalah
Mahasiswa3737,2.647654530548046,44,1,Bermasalah
Mahasiswa3738,3.004708547816171,25,0,Siaga
Mahasiswa3739,3.015472330839652,21,1,Bermasalah
Mahasiswa3740,2.3115644507763533,57,0,Siaga
Mahasiswa3741,3.617439099975429,62,1,Siaga
Mahasiswa3742,3.2696313892244375,27,1,Bermasalah
Mahasiswa3743,3.0281924587945017,64,1,Siaga
Mahasiswa3744,0.2224220867218425,43,0,Siaga
Mahasiswa3745,0.027511848878597256,99,1,Bermasalah
Mahasiswa3746,0.8497891087818918,42,0,Siaga
Mahasiswa3747,2.654094375653809,36,0,Siaga
Mahasiswa3748,1.6447899555301833,65,1,Bermasalah
Mahasiswa3749,1.609625037197247,16,0,Siaga
Mahasiswa3750,3.538347552918455,39,0,Siaga
Mahasiswa3751,3.582251392527355,37,0,Siaga
Mahasiswa3752,3.636701056214343,84,1,Aman
Mahasiswa3753,1.2555123060601092,60,0,Siaga
Mahasiswa3754,2.764223250957047,8,0,Siaga
Mahasiswa3755,1.0865327250974786,76,1,Bermasalah
Mahasiswa3756,0.7624393322977991,74,1,Bermasalah
Mahasiswa3757,0.7385298293894769,60,0,Siaga
Mahasiswa3758,1.3684304834543761,79,0,Siaga
Mahasiswa3759,1.7198304791192869,15,0,Siaga
Mahasiswa3760,3.3237966842202735,1,0,Siaga
Mahasiswa3761,0.4795643738908484,71,1,Bermasalah
Mahasiswa3762,2.9397033895795768,42,1,Bermasalah
Mahasiswa3763,2.1258196567572214,41,0,Siaga
Mahasiswa3764,1.15178137070397,76,1,Bermasalah
Mahasiswa3765,1.9712783381312984,56,0,Siaga
Mahasiswa3766,1.1997682791080906,80,1,Bermasalah
Mahasiswa3767,2.384327820953224,87,1,Bermasalah
Mahasiswa3768,1.7353756914209768,66,0,Siaga
Mahasiswa3769,0.6576221163155149,29,0,Siaga
Mahasiswa3770,0.4663322982227869,12,0,Siaga
Mahasiswa3771,2.1867827282885206,18,0,Siaga
Mahasiswa3772,3.609652133144414,6,1,Bermasalah
Mahasiswa3773,1.3758307462307422,8,1,Bermasalah
Mahasiswa3774,2.932000428890493,82,0,Siaga
Mahasiswa3775,2.634645419759068,53,1,Bermasalah
Mahasiswa3776,3.726219657237924,85,1,Aman
Mahasiswa3777,3.2839240691965634,81,0,Aman
Mahasiswa3778,2.266421035621852,60,0,Siaga
Mahasiswa3779,2.6281219929364292,86,1,Siaga
Mahasiswa3780,3.5935458663361395,1,0,Siaga
Mahasiswa3781,1.5980751383477392,49,0,Siaga
Mahasiswa3782,1.3071788234311095,74,1,Bermasalah
Mahasiswa3783,0.043244334540785356,30,1,Bermasalah
Mahasiswa3784,3.306204296765857,32,0,Siaga
Mahasiswa3785,3.2039228016134595,77,1,Aman
Mahasiswa3786,0.41781807240060553,79,0,Siaga
Mahasiswa3787,2.307429524530801,10,0,Siaga
Mahasiswa3788,1.8559267926675496,32,1,Bermasalah
Mahasiswa3789,0.47483638203644585,6,1,Bermasalah
Mahasiswa3790,3.922272908242894,30,0,Siaga
Mahasiswa3791,0.8587835498534218,47,0,Siaga
Mahasiswa3792,0.2689367203622446,46,0,Siaga
Mahasiswa3793,2.3793895180076383,77,1,Bermasalah
Mahasiswa3794,2.9554667085321307,91,0,Siaga
Mahasiswa3795,0.12977378418874785,52,1,Bermasalah
Mahasiswa3796,2.6348705549080886,79,0,Siaga
Mahasiswa3797,2.1291675038058178,18,1,Bermasalah
Mahasiswa3798,0.41306003550019366,80,0,Siaga
Mahasiswa3799,0.6900955077854483,89,1,Bermasalah
Mahasiswa3800,2.271897189264322,5,0,Siaga
Mahasiswa3801,1.1854304540531535,48,0,Siaga
Mahasiswa3802,3.7532629146052643,72,0,Aman
Mahasiswa3803,3.274960917936203,49,0,Siaga
Mahasiswa3804,3.934268826054652,80,1,Aman
Mahasiswa3805,1.038683355801656,94,1,Bermasalah
Mahasiswa3806,3.878894531191908,11,1,Bermasalah
Mahasiswa3807,1.7249354791662315,22,1,Bermasalah
Mahasiswa3808,1.3900751812550185,53,1,Bermasalah
Mahasiswa3809,0.20139810787741297,68,0,Siaga
Mahasiswa3810,0.21106103143841048,99,1,Bermasalah
Mahasiswa3811,2.7680450237866188,58,1,Siaga
Mahasiswa3812,1.8317159777361116,35,1,Bermasalah
Mahasiswa3813,0.9060865041444228,2,1,Bermasalah
Mahasiswa3814,2.4558812253009306,57,0,Siaga
Mahasiswa3815,1.0114324730004447,87,0,Siaga
Mahasiswa3816,2.3105270173776904,54,0,Siaga
Mahasiswa3817,1.4368349879307614,56,0,Siaga
Mahasiswa3818,3.294208906447276,16,1,Bermasalah
Mahasiswa3819,3.2827846430671173,38,1,Bermasalah
Mahasiswa3820,1.9094015924896053,89,0,Siaga
Mahasiswa3821,1.4032764373400624,67,0,Siaga
Mahasiswa3822,1.4502391862363782,54,1,Bermasalah
Mahasiswa3823,3.2228581026728715,44,1,Bermasalah
Mahasiswa3824,1.312717931190448,75,0,Siaga
Mahasiswa3825,0.8362374948273841,0,0,Siaga
Mahasiswa3826,0.3387533675012273,20,0,Siaga
Mahasiswa3827,1.8667724835376336,82,0,Siaga
Mahasiswa3828,1.9285283956793675,20,1,Bermasalah
Mahasiswa3829,3.3636348416116286,51,1,Bermasalah
Mahasiswa3830,0.8849547857842559,81,1,Bermasalah
Mahasiswa3831,1.5239650946735996,42,0,Siaga
Mahasiswa3832,3.2336229555747638,51,1,Bermasalah
Mahasiswa3833,3.294494442995894,66,1,Siaga
Mahasiswa3834,1.5384443039150728,43,0,Siaga
Mahasiswa3835,1.8364960931467236,31,0,Siaga
Mahasiswa3836,1.2131435633971317,9,0,Siaga
Mahasiswa3837,3.7302195136772482,63,0,Siaga
Mahasiswa3838,0.47457506296632124,78,0,Siaga
Mahasiswa3839,3.73499769200588,68,0,Siaga
Mahasiswa3840,2.735465807341373,67,1,Siaga
Mahasiswa3841,2.1262886107469248,27,1,Bermasalah
Mahasiswa3842,0.1306362431379835,52,1,Bermasalah
Mahasiswa3843,1.9023847672880332,50,1,Bermasalah
Mahasiswa3844,1.6309924200109291,52,1,Bermasalah
Mahasiswa3845,0.6448752479004902,3,1,Bermasalah
Mahasiswa3846,2.6256384140026277,78,0,Siaga
Mahasiswa3847,3.884603629473143,16,0,Siaga
Mahasiswa3848,2.2487552442581005,66,0,Siaga
Mahasiswa3849,2.8590131057757833,73,1,Siaga
Mahasiswa3850,0.27380181026406714,46,1,Bermasalah
Mahasiswa3851,1.670667983267979,55,0,Siaga
Mahasiswa3852,0.4654339406579835,22,0,Siaga
Mahasiswa3853,2.4511833421460416,17,0,Siaga
Mahasiswa3854,3.7539286328566184,0,0,Siaga
Mahasiswa3855,2.647110929886554,34,0,Siaga
Mahasiswa3856,0.3072121932576861,63,1,Bermasalah
Mahasiswa3857,1.4186648199403313,57,1,Bermasalah
Mahasiswa3858,2.202653517763406,94,1,Bermasalah
Mahasiswa3859,1.6128310245330089,58,0,Siaga
Mahasiswa3860,3.3345760419006893,0,1,Bermasalah
Mahasiswa3861,3.258684018839957,2,0,Siaga
Mahasiswa3862,2.4473240804128857,66,1,Bermasalah
Mahasiswa3863,1.493831780530821,36,0,Siaga
Mahasiswa3864,1.0213454950529766,82,0,Siaga
Mahasiswa3865,0.42349727285251726,28,1,Bermasalah
Mahasiswa3866,1.4195907339462162,88,1,Bermasalah
Mahasiswa3867,1.652690068830878,32,1,Bermasalah
Mahasiswa3868,2.7032917004162944,99,1,Siaga
Mahasiswa3869,2.632639297190294,60,1,Siaga
Mahasiswa3870,0.2804325585650278,92,0,Siaga
Mahasiswa3871,1.581037261724631,89,1,Bermasalah
Mahasiswa3872,0.7271154688694477,3,1,Bermasalah
Mahasiswa3873,0.6272508212672228,13,0,Siaga
Mahasiswa3874,3.3092085989489837,90,1,Aman
Mahasiswa3875,0.16766086686503012,32,0,Siaga
Mahasiswa3876,1.6767315036084853,21,1,Bermasalah
Mahasiswa3877,0.6728146230660728,47,1,Bermasalah
Mahasiswa3878,3.517320862713896,2,0,Siaga
Mahasiswa3879,2.2281620531001405,86,1,Bermasalah
Mahasiswa3880,0.9255225455073921,84,1,Bermasalah
Mahasiswa3881,2.0097091486655057,22,1,Bermasalah
Mahasiswa3882,2.9259454388124633,67,1,Siaga
Mahasiswa3883,3.832472035677735,20,0,Siaga
Mahasiswa3884,0.8817840169816757,100,0,Siaga
Mahasiswa3885,3.5447270885173805,42,1,Bermasalah
Mahasiswa3886,3.737216456669961,94,1,Aman
Mahasiswa3887,3.665682178128265,84,0,Aman
Mahasiswa3888,2.5416574274476393,25,0,Siaga
Mahasiswa3889,2.5192826177388308,40,1,Bermasalah
Mahasiswa3890,1.612842532735291,98,0,Siaga
Mahasiswa3891,3.0095915292151516,37,0,Siaga
Mahasiswa3892,2.1251760734037277,87,0,Siaga
Mahasiswa3893,2.709752284913178,10,0,Siaga
Mahasiswa3894,1.7138316153951818,28,1,Bermasalah
Mahasiswa3895,2.9259858561725562,59,0,Aman
Mahasiswa3896,3.2978860704181963,66,1,Siaga
Mahasiswa3897,0.5857450264112645,64,1,Bermasalah
Mahasiswa3898,3.331718862296912,60,0,Siaga
Mahasiswa3899,2.161186127161229,18,1,Bermasalah
Mahasiswa3900,3.3786636363608973,45,1,Bermasalah
Mahasiswa3901,1.7252068253640584,48,0,Siaga
Mahasiswa3902,1.5161619415321401,21,0,Siaga
Mahasiswa3903,3.6602429300688897,77,0,Aman
Mahasiswa3904,1.0046770701936052,56,1,Bermasalah
Mahasiswa3905,3.3768493011445724,13,1,Bermasalah
Mahasiswa3906,1.9360822900376164,43,1,Bermasalah
Mahasiswa3907,2.056381770205039,15,1,Bermasalah
Mahasiswa3908,1.233873125957936,96,0,Siaga
Mahasiswa3909,2.2921688024760627,76,1,Bermasalah
Mahasiswa3910,1.3008447851048452,11,0,Siaga
Mahasiswa3911,0.15707765696660925,54,0,Siaga
Mahasiswa3912,1.0879944213774242,50,0,Siaga
Mahasiswa3913,0.025516173626362715,38,0,Siaga
Mahasiswa3914,3.9134191482274265,32,1,Bermasalah
Mahasiswa3915,3.86298883927899,32,0,Siaga
Mahasiswa3916,1.5806211898892202,28,1,Bermasalah
Mahasiswa3917,2.913483417358584,68,0,Aman
Mahasiswa3918,1.3832243936417,69,0,Siaga
Mahasiswa3919,2.684372628343904,30,0,Siaga
Mahasiswa3920,3.2217201721839164,79,1,Aman
Mahasiswa3921,3.787024978768963,30,0,Siaga
Mahasiswa3922,1.600849103398688,88,0,Siaga
Mahasiswa3923,3.1331919318241908,45,0,Siaga
Mahasiswa3924,1.0637138025284751,96,0,Siaga
Mahasiswa3925,3.9613292151745934,76,1,Aman
Mahasiswa3926,0.10307839505740457,51,1,Bermasalah
Mahasiswa3927,2.414115226004484,9,0,Siaga
Mahasiswa3928,2.6380239266053085,87,0,Siaga
Mahasiswa3929,2.7521822282965154,73,1,Siaga
Mahasiswa3930,0.48155031515635605,40,1,Bermasalah
Mahasiswa3931,3.7541191338925217,94,1,Aman
Mahasiswa3932,0.7247331162003312,76,0,Siaga
Mahasiswa3933,2.4910136129593643,2,1,Bermasalah
Mahasiswa3934,0.8907043164923398,58,0,Siaga
Mahasiswa3935,1.2288656680850836,51,1,Bermasalah
Mahasiswa3936,2.1858341669124974,33,1,Bermasalah
Mahasiswa3937,1.668773674258306,48,0,Siaga
Mahasiswa3938,0.6409024039060252,27,1,Bermasalah
Mahasiswa3939,0.6837456096833932,82,0,Siaga
Mahasiswa3940,1.6725791526511986,86,1,Bermasalah
Mahasiswa3941,3.029131913102003,95,0,Aman
Mahasiswa3942,3.591858587391154,12,1,Bermasalah
Mahasiswa3943,0.33651064903753136,96,1,Bermasalah
Mahasiswa3944,1.5724156302376042,97,0,Siaga
Mahasiswa3945,0.4009822548915065,96,0,Siaga
Mahasiswa3946,0.06636992253039153,68,0,Siaga
Mahasiswa3947,2.6468747305758265,66,0,Aman
Mahasiswa3948,2.409797767866351,60,1,Bermasalah
Mahasiswa3949,0.6520764552595448,59,1,Bermasalah
Mahasiswa3950,0.9352513323722564,70,1,Bermasalah
Mahasiswa3951,0.09483101457807352,23,1,Bermasalah
Mahasiswa3952,3.339788822777615,62,1,Siaga
Mahasiswa3953,3.898762384194206,85,1,Aman
Mahasiswa3954,0.5418381471787632,60,0,Siaga
Mahasiswa3955,0.9259008550611925,22,1,Bermasalah
Mahasiswa3956,3.473638095787736,29,1,Bermasalah
Mahasiswa3957,3.7058551918247393,59,0,Siaga
Mahasiswa3958,1.6785095312272413,17,1,Bermasalah
Mahasiswa3959,0.2024898890762965,95,1,Bermasalah
Mahasiswa3960,0.1575673347712776,55,1,Bermasalah
Mahasiswa3961,2.2957994642760418,52,0,Siaga
Mahasiswa3962,1.571580435572716,6,0,Siaga
Mahasiswa3963,0.11460971031061806,96,1,Bermasalah
Mahasiswa3964,2.333009569250227,68,0,Siaga
Mahasiswa3965,0.045210146356089886,91,1,Bermasalah
Mahasiswa3966,3.149487832597092,71,1,Aman
Mahasiswa3967,1.2257312908134863,78,1,Bermasalah
Mahasiswa3968,0.1610320120369284,51,0,Siaga
Mahasiswa3969,2.3534088839326133,3,1,Bermasalah
Mahasiswa3970,1.5907376577322188,33,1,Bermasalah
Mahasiswa3971,3.895201653428598,68,1,Siaga
Mahasiswa3972,2.1767946500148088,32,1,Bermasalah
Mahasiswa3973,1.1009567241480331,68,1,Bermasalah
Mahasiswa3974,2.837755458535899,37,0,Siaga
Mahasiswa3975,1.0859680101708453,97,1,Bermasalah
Mahasiswa3976,3.6169731656302604,25,0,Siaga
Mahasiswa3977,1.4988878820295057,0,1,Bermasalah
Mahasiswa3978,2.199474251104821,3,0,Siaga
Mahasiswa3979,0.20229241529691544,38,1,Bermasalah
Mahasiswa3980,1.7044849518089231,53,1,Bermasalah
Mahasiswa3981,3.32945415864398,89,0,Aman
Mahasiswa3982,3.2225952214533677,32,0,Siaga
Mahasiswa3983,0.897274235414105,32,1,Bermasalah
Mahasiswa3984,0.9043162840422507,71,0,Siaga
Mahasiswa3985,3.269221248852947,19,0,Siaga
Mahasiswa3986,3.721593680677302,15,1,Bermasalah
Mahasiswa3987,0.3814436850920142,20,1,Bermasalah
Mahasiswa3988,1.800234557704901,44,1,Bermasalah
Mahasiswa3989,1.3498171158569159,89,1,Bermasalah
Mahasiswa3990,3.4827538218297573,86,1,Aman
Mahasiswa3991,0.3340996587200751,81,0,Siaga
Mahasiswa3992,0.8445037702321496,61,1,Bermasalah
Mahasiswa3993,3.0098733503459774,30,0,Siaga
Mahasiswa3994,0.20517539592486234,41,1,Bermasalah
Mahasiswa3995,1.970141522857157,11,1,Bermasalah
Mahasiswa3996,1.76842813871888,64,0,Siaga
Mahasiswa3997,1.3376047159549946,72,1,Bermasalah
Mahasiswa3998,1.5782892612756951,2,0,Siaga
Mahasiswa3999,2.1197623477209317,89,0,Siaga
Mahasiswa4000,0.6454694335535325,8,0,Siaga
Mahasiswa4001,2.287983513134371,50,1,Bermasalah
Mahasiswa4002,3.2217293171999453,15,1,Bermasalah
Mahasiswa4003,3.040643719160636,87,1,Aman
Mahasiswa4004,0.6155996187750947,77,1,Bermasalah
Mahasiswa4005,0.5969978789658956,2,1,Bermasalah
Mahasiswa4006,1.0726974709796533,97,1,Bermasalah
Mahasiswa4007,1.4442989053641488,96,0,Siaga
Mahasiswa4008,1.6338223256339304,23,1,Bermasalah
Mahasiswa4009,2.718788867333381,72,1,Siaga
Mahasiswa4010,0.22672172866334162,12,1,Bermasalah
Mahasiswa4011,0.13869081690426555,1,1,Bermasalah
Mahasiswa4012,1.567642251775636,70,0,Siaga
Mahasiswa4013,2.788654768551922,20,0,Siaga
Mahasiswa4014,0.7737413718259303,18,0,Siaga
Mahasiswa4015,2.566017925025007,88,0,Siaga
Mahasiswa4016,1.0393125517611979,46,0,Siaga
Mahasiswa4017,3.5443444352540654,21,1,Bermasalah
Mahasiswa4018,3.582759777066466,74,0,Aman
Mahasiswa4019,1.189148817125306,32,0,Siaga
Mahasiswa4020,0.919975015852962,31,1,Bermasalah
Mahasiswa4021,1.645215888264925,63,1,Bermasalah
Mahasiswa4022,0.9621263407205949,84,0,Siaga
Mahasiswa4023,2.6895353731668146,38,1,Bermasalah
Mahasiswa4024,3.304258738193142,83,1,Aman
Mahasiswa4025,2.692368523644868,71,0,Siaga
Mahasiswa4026,3.297401788997398,41,1,Bermasalah
Mahasiswa4027,1.5879686488298965,100,0,Siaga
Mahasiswa4028,0.6252678828354434,8,0,Siaga
Mahasiswa4029,2.9518037895903686,24,1,Bermasalah
Mahasiswa4030,1.4418980205662155,88,0,Siaga
Mahasiswa4031,2.68508330091653,96,0,Siaga
Mahasiswa4032,1.0825757679270627,1,1,Bermasalah
Mahasiswa4033,0.3249185392266907,18,1,Bermasalah
Mahasiswa4034,3.9703271819510535,19,1,Bermasalah
Mahasiswa4035,0.6248060317223971,92,1,Bermasalah
Mahasiswa4036,3.953683975853924,69,0,Siaga
Mahasiswa4037,3.909119730265789,16,1,Bermasalah
Mahasiswa4038,3.1752724156321586,88,1,Aman
Mahasiswa4039,2.6376918483279903,67,0,Aman
Mahasiswa4040,2.311228201004339,93,0,Siaga
Mahasiswa4041,3.4644061815113387,83,0,Aman
Mahasiswa4042,1.1577580864779518,2,0,Siaga
Mahasiswa4043,1.8707248499395082,86,1,Bermasalah
Mahasiswa4044,2.4775598774660077,50,1,Bermasalah
Mahasiswa4045,1.6447619034779644,81,0,Siaga
Mahasiswa4046,1.709945816361072,25,0,Siaga
Mahasiswa4047,1.3211386700083376,55,0,Siaga
Mahasiswa4048,2.256927266738144,99,0,Siaga
Mahasiswa4049,3.402298112060464,63,1,Siaga
Mahasiswa4050,0.8061135120252514,7,0,Siaga
Mahasiswa4051,3.7377321550137657,80,1,Aman
Mahasiswa4052,2.7563506149929187,94,0,Siaga
Mahasiswa4053,3.2930928507201207,36,1,Bermasalah
Mahasiswa4054,2.2247627705200466,96,1,Bermasalah
Mahasiswa4055,3.118066805696254,26,1,Bermasalah
Mahasiswa4056,0.06480158935786884,44,1,Bermasalah
Mahasiswa4057,3.273521699118141,3,0,Siaga
Mahasiswa4058,0.16055543634146607,85,1,Bermasalah
Mahasiswa4059,3.55965350545145,89,0,Aman
Mahasiswa4060,3.967850988954573,95,1,Aman
Mahasiswa4061,1.1762698487071113,87,1,Bermasalah
Mahasiswa4062,0.8412742251431746,98,0,Siaga
Mahasiswa4063,3.061453455432163,36,0,Siaga
Mahasiswa4064,1.012105363681013,95,1,Bermasalah
Mahasiswa4065,3.462249532688814,70,1,Aman
Mahasiswa4066,0.41137036862990684,32,0,Siaga
Mahasiswa4067,0.503820785517433,30,1,Bermasalah
Mahasiswa4068,3.9166062204024623,54,0,Siaga
Mahasiswa4069,2.6953555930800186,11,0,Siaga
Mahasiswa4070,3.3875488977158112,10,0,Siaga
Mahasiswa4071,1.297317509406072,87,1,Bermasalah
Mahasiswa4072,2.7059349980824177,71,1,Siaga
Mahasiswa4073,2.376967309234389,31,0,Siaga
Mahasiswa4074,2.412600480491788,56,0,Siaga
Mahasiswa4075,2.7301298381508863,37,0,Siaga
Mahasiswa4076,2.3014366925163943,59,0,Siaga
Mahasiswa4077,1.7162494772106638,85,1,Bermasalah
Mahasiswa4078,1.1036907775221874,97,0,Siaga
Mahasiswa4079,3.074325323652808,18,1,Bermasalah
Mahasiswa4080,0.9050897200127448,83,0,Siaga
Mahasiswa4081,2.7694172246176567,55,1,Siaga
Mahasiswa4082,0.9333312905973066,13,1,Bermasalah
Mahasiswa4083,2.5013206798178156,32,1,Bermasalah
Mahasiswa4084,2.9883130685161157,9,1,Bermasalah
Mahasiswa4085,0.8748555556261568,79,1,Bermasalah
Mahasiswa4086,0.23977320344523312,63,0,Siaga
Mahasiswa4087,0.5238949719766963,63,0,Siaga
Mahasiswa4088,2.423987869084102,61,1,Bermasalah
Mahasiswa4089,3.397785624902942,67,0,Siaga
Mahasiswa4090,0.17998728494169747,90,0,Siaga
Mahasiswa4091,2.936605036166585,91,0,Siaga
Mahasiswa4092,1.3652745838002085,42,0,Siaga
Mahasiswa4093,1.91411347967809,79,0,Siaga
Mahasiswa4094,3.7154381993822625,58,0,Siaga
Mahasiswa4095,1.3278860189433819,51,0,Siaga
Mahasiswa4096,1.8613477357579442,96,1,Bermasalah
Mahasiswa4097,0.05472965904272442,18,0,Siaga
Mahasiswa4098,0.32639488001935346,20,0,Siaga
Mahasiswa4099,1.034366364539136,21,0,Siaga
Mahasiswa4100,0.11140896328429761,8,1,Bermasalah
Mahasiswa4101,2.525501304193004,8,1,Bermasalah
Mahasiswa4102,1.70559342720649,72,0,Siaga
Mahasiswa4103,2.192580810912088,26,1,Bermasalah
Mahasiswa4104,0.6985887435853182,16,1,Bermasalah
Mahasiswa4105,1.1837281177464645,43,0,Siaga
Mahasiswa4106,2.6552978994109004,44,1,Bermasalah
Mahasiswa4107,3.8612108945215993,7,0,Siaga
Mahasiswa4108,0.2016670944088368,79,1,Bermasalah
Mahasiswa4109,3.5615372834210643,17,0,Siaga
Mahasiswa4110,2.307524805244834,32,1,Bermasalah
Mahasiswa4111,2.255678267022495,0,0,Siaga
Mahasiswa4112,2.0011141408310413,75,0,Siaga
Mahasiswa4113,0.27757634361673356,5,1,Bermasalah
Mahasiswa4114,0.35950740694464267,40,0,Siaga
Mahasiswa4115,2.4036480226363444,54,0,Siaga
Mahasiswa4116,1.3638342857422332,4,1,Bermasalah
Mahasiswa4117,3.6690722663107227,58,0,Siaga
Mahasiswa4118,1.626362149437889,79,0,Siaga
Mahasiswa4119,0.5731258348105643,17,1,Bermasalah
Mahasiswa4120,2.858875334008144,48,0,Siaga
Mahasiswa4121,1.1734136857640394,81,1,Bermasalah
Mahasiswa4122,2.1018812294235727,64,0,Siaga
Mahasiswa4123,2.79133114202068,82,1,Siaga
Mahasiswa4124,3.6010564448082816,53,1,Bermasalah
Mahasiswa4125,3.1687647792067044,60,0,Siaga
Mahasiswa4126,2.7054442714908964,7,1,Bermasalah
Mahasiswa4127,2.7185327295805743,2,0,Siaga
Mahasiswa4128,3.783698576128346,24,0,Siaga
Mahasiswa4129,1.1832963899861442,68,1,Bermasalah
Mahasiswa4130,0.00444837678474963,54,0,Siaga
Mahasiswa4131,1.0878182375927947,39,0,Siaga
Mahasiswa4132,0.871565518506976,82,1,Bermasalah
Mahasiswa4133,2.6473383404559927,81,0,Siaga
Mahasiswa4134,2.534846399062116,49,0,Siaga
Mahasiswa4135,2.3738455308188953,94,1,Bermasalah
Mahasiswa4136,0.0649737728378148,32,0,Siaga
Mahasiswa4137,2.91511221780259,17,0,Siaga
Mahasiswa4138,1.294121649941966,56,1,Bermasalah
Mahasiswa4139,2.6602239560265244,15,0,Siaga
Mahasiswa4140,2.2263137140086133,79,0,Siaga
Mahasiswa4141,1.3709237017116287,37,1,Bermasalah
Mahasiswa4142,0.538305068416431,40,0,Siaga
Mahasiswa4143,0.3776755906419238,6,0,Siaga
Mahasiswa4144,3.3260733324488942,77,1,Aman
Mahasiswa4145,3.673590168326232,52,1,Bermasalah
Mahasiswa4146,2.5991521870571983,62,0,Aman
Mahasiswa4147,0.4137364594419335,88,0,Siaga
Mahasiswa4148,1.608108867552963,31,1,Bermasalah
Mahasiswa4149,2.915756800420629,37,0,Siaga
Mahasiswa4150,3.1192835360402724,21,0,Siaga
Mahasiswa4151,0.4728744891643544,15,0,Siaga
Mahasiswa4152,0.00012287538152966349,51,1,Bermasalah
Mahasiswa4153,2.84854818352242,28,0,Siaga
Mahasiswa4154,1.4263847039448225,15,0,Siaga
Mahasiswa4155,1.017925326473041,75,1,Bermasalah
Mahasiswa4156,0.05158987915810176,16,1,Bermasalah
Mahasiswa4157,2.1611976270459987,100,1,Bermasalah
Mahasiswa4158,3.404602941703927,63,0,Siaga
Mahasiswa4159,3.8305265850903516,90,0,Aman
Mahasiswa4160,2.262979802453157,88,1,Bermasalah
Mahasiswa4161,2.0578453109595767,12,0,Siaga
Mahasiswa4162,0.3402255419569644,71,0,Siaga
Mahasiswa4163,2.195491206170399,55,0,Siaga
Mahasiswa4164,1.5199163158615785,4,0,Siaga
Mahasiswa4165,2.4285411235343077,11,1,Bermasalah
Mahasiswa4166,1.5549053915061868,40,1,Bermasalah
Mahasiswa4167,0.961196493801467,2,0,Siaga
Mahasiswa4168,0.379861100913506,98,1,Bermasalah
Mahasiswa4169,1.259673778355583,32,0,Siaga
Mahasiswa4170,0.3865793371510091,85,0,Siaga
Mahasiswa4171,0.7075878032959357,49,1,Bermasalah
Mahasiswa4172,3.9493446343181837,55,1,Siaga
Mahasiswa4173,1.7764142276264745,8,0,Siaga
Mahasiswa4174,2.127487066020066,81,0,Siaga
Mahasiswa4175,3.4944741149488614,49,0,Siaga
Mahasiswa4176,3.982275601962751,28,0,Siaga
Mahasiswa4177,2.330857797378726,38,1,Bermasalah
Mahasiswa4178,3.2498952841766866,90,1,Aman
Mahasiswa4179,1.307764097346701,99,0,Siaga
Mahasiswa4180,1.2229758297891644,44,0,Siaga
Mahasiswa4181,1.6108148839782408,16,1,Bermasalah
Mahasiswa4182,2.6900290506945965,55,0,Aman
Mahasiswa4183,2.728766757020395,97,1,Siaga
Mahasiswa4184,1.2609577385978032,45,0,Siaga
Mahasiswa4185,0.5328396965465148,66,1,Bermasalah
Mahasiswa4186,2.5295850258620343,68,0,Aman
Mahasiswa4187,0.5133034487550581,13,0,Siaga
Mahasiswa4188,2.3139700329173203,66,0,Siaga
Mahasiswa4189,2.773688512225236,22,1,Bermasalah
Mahasiswa4190,2.8024459855778066,93,1,Siaga
Mahasiswa4191,3.013888442638387,60,0,Siaga
Mahasiswa4192,3.491437686262658,22,0,Siaga
Mahasiswa4193,1.9998359678591537,26,0,Siaga
Mahasiswa4194,2.9209967581182847,53,0,Siaga
Mahasiswa4195,2.476690941463347,9,1,Bermasalah
Mahasiswa4196,0.7465597591907303,88,1,Bermasalah
Mahasiswa4197,0.10275857947763267,76,1,Bermasalah
Mahasiswa4198,1.138165542707735,15,0,Siaga
Mahasiswa4199,1.7721348253504776,40,0,Siaga
Mahasiswa4200,2.468423777714625,97,1,Bermasalah
Mahasiswa4201,3.3998373220128215,54,0,Siaga
Mahasiswa4202,0.7849828668246626,100,1,Bermasalah
Mahasiswa4203,0.5021991595939084,60,1,Bermasalah
Mahasiswa4204,3.85391978989731,85,1,Aman
Mahasiswa4205,0.43217823750562845,80,1,Bermasalah
Mahasiswa4206,1.9139642804287567,86,0,Siaga
Mahasiswa4207,2.3422549151732075,99,1,Bermasalah
Mahasiswa4208,2.165497683629753,48,0,Siaga
Mahasiswa4209,0.3441286281317728,72,1,Bermasalah
Mahasiswa4210,0.22810765601447747,51,1,Bermasalah
Mahasiswa4211,0.4219337098441427,1,1,Bermasalah
Mahasiswa4212,2.34235073549045,95,1,Bermasalah
Mahasiswa4213,2.1773795505372844,49,0,Siaga
Mahasiswa4214,0.934963168146977,85,0,Siaga
Mahasiswa4215,2.5510965673823662,42,0,Siaga
Mahasiswa4216,3.2802700082225975,76,0,Aman
Mahasiswa4217,0.16631583938637506,7,1,Bermasalah
Mahasiswa4218,1.9925197741921696,58,0,Siaga
Mahasiswa4219,2.757241648410761,64,0,Aman
Mahasiswa4220,1.0092477082787483,80,1,Bermasalah
Mahasiswa4221,1.2310836211725964,11,0,Siaga
Mahasiswa4222,2.4545516119575352,3,0,Siaga
Mahasiswa4223,3.5917411737749476,76,0,Aman
Mahasiswa4224,3.2396976812115974,94,0,Aman
Mahasiswa4225,2.332520876398334,40,1,Bermasalah
Mahasiswa4226,2.920886871028997,6,1,Bermasalah
Mahasiswa4227,1.4592898808311947,86,0,Siaga
Mahasiswa4228,2.563862112395031,87,1,Siaga
Mahasiswa4229,1.8647263645102279,68,0,Siaga
Mahasiswa4230,0.7597445458302436,68,0,Siaga
Mahasiswa4231,2.8069530955090287,80,0,Siaga
Mahasiswa4232,2.225858549395288,29,1,Bermasalah
Mahasiswa4233,1.4344863278143656,72,1,Bermasalah
Mahasiswa4234,3.645356760314523,5,1,Bermasalah
Mahasiswa4235,0.08373647130693307,88,1,Bermasalah
Mahasiswa4236,1.263092604997984,18,1,Bermasalah
Mahasiswa4237,0.22752559111058623,79,1,Bermasalah
Mahasiswa4238,3.0661092648865087,84,0,Aman
Mahasiswa4239,2.8084298164551704,65,1,Siaga
Mahasiswa4240,1.3254088749452682,9,0,Siaga
Mahasiswa4241,2.702651608828292,15,0,Siaga
Mahasiswa4242,1.5837489047837994,36,1,Bermasalah
Mahasiswa4243,3.0250151656897373,78,0,Aman
Mahasiswa4244,1.8167346509468243,76,0,Siaga
Mahasiswa4245,1.6491189113266622,76,0,Siaga
Mahasiswa4246,3.738919661953204,31,1,Bermasalah
Mahasiswa4247,1.003516399562801,46,1,Bermasalah
Mahasiswa4248,0.4817893599862617,71,0,Siaga
Mahasiswa4249,2.3381724530378327,42,1,Bermasalah
Mahasiswa4250,3.8772872491367156,81,0,Aman
Mahasiswa4251,1.5113568549087466,35,1,Bermasalah
Mahasiswa4252,0.2481470545151261,25,0,Siaga
Mahasiswa4253,1.3572210692382698,9,0,Siaga
Mahasiswa4254,2.0237266172782338,30,1,Bermasalah
Mahasiswa4255,0.6476920265288548,96,1,Bermasalah
Mahasiswa4256,2.632408872225968,28,1,Bermasalah
Mahasiswa4257,3.9909975560408024,4,1,Bermasalah
Mahasiswa4258,1.8069579039257753,76,1,Bermasalah
Mahasiswa4259,1.4189142269208506,0,0,Siaga
Mahasiswa4260,1.6028166673378665,86,0,Siaga
Mahasiswa4261,0.46058471358080455,2,0,Siaga
Mahasiswa4262,3.533094405704895,66,1,Siaga
Mahasiswa4263,1.659302622085408,70,1,Bermasalah
Mahasiswa4264,1.5490976456993653,99,0,Siaga
Mahasiswa4265,2.6387610917218973,34,0,Siaga
Mahasiswa4266,1.768133683724494,14,0,Siaga
Mahasiswa4267,2.592933875231384,66,0,Aman
Mahasiswa4268,0.24578516052315003,92,1,Bermasalah
Mahasiswa4269,3.2548933748889097,29,0,Siaga
Mahasiswa4270,3.7620158115176103,81,1,Aman
Mahasiswa4271,2.595061544637544,74,0,Siaga
Mahasiswa4272,3.818263715435243,42,1,Bermasalah
Mahasiswa4273,0.6057292574798532,59,1,Bermasalah
Mahasiswa4274,1.9096647579214148,39,1,Bermasalah
Mahasiswa4275,2.407226935781789,64,1,Bermasalah
Mahasiswa4276,2.3269465896847468,28,0,Siaga
Mahasiswa4277,1.605847116356173,73,0,Siaga
Mahasiswa4278,1.3523376374650455,91,0,Siaga
Mahasiswa4279,0.5072960902016752,94,1,Bermasalah
Mahasiswa4280,1.5669698022491128,18,0,Siaga
Mahasiswa4281,0.6506432604219405,2,0,Siaga
Mahasiswa4282,2.9374627059688736,35,0,Siaga
Mahasiswa4283,0.8353237419783599,42,1,Bermasalah
Mahasiswa4284,0.2342612211381354,14,1,Bermasalah
Mahasiswa4285,2.2094645512689373,96,1,Bermasalah
Mahasiswa4286,2.3809189308776064,40,0,Siaga
Mahasiswa4287,3.487652245122022,89,0,Aman
Mahasiswa4288,2.3079264496707275,79,0,Siaga
Mahasiswa4289,1.381923414893783,35,1,Bermasalah
Mahasiswa4290,3.212047526105282,96,0,Aman
Mahasiswa4291,2.1611155727496842,83,1,Bermasalah
Mahasiswa4292,0.317121138524767,76,1,Bermasalah
Mahasiswa4293,2.2634022412529866,32,1,Bermasalah
Mahasiswa4294,3.6320741816866495,4,1,Bermasalah
Mahasiswa4295,1.5852505019928822,100,0,Siaga
Mahasiswa4296,1.1853032075992003,77,0,Siaga
Mahasiswa4297,0.5738778280720802,90,1,Bermasalah
Mahasiswa4298,0.6057820877414293,86,0,Siaga
Mahasiswa4299,1.7310859373672756,13,1,Bermasalah
Mahasiswa4300,2.382719296646118,67,0,Siaga
Mahasiswa4301,0.322461620678407,82,0,Siaga
Mahasiswa4302,3.758274356100663,46,1,Bermasalah
Mahasiswa4303,3.0205344697807837,53,1,Bermasalah
Mahasiswa4304,2.3464956731346507,3,1,Bermasalah
Mahasiswa4305,3.3137546837559633,93,1,Aman
Mahasiswa4306,0.32074702724845316,82,0,Siaga
Mahasiswa4307,1.9073555109324976,94,1,Bermasalah
Mahasiswa4308,2.5203725074466536,94,0,Siaga
Mahasiswa4309,3.314611624473157,8,1,Bermasalah
Mahasiswa4310,3.133878240197071,52,0,Siaga
Mahasiswa4311,1.1082769988535985,76,1,Bermasalah
Mahasiswa4312,3.763520678236817,77,0,Aman
Mahasiswa4313,0.4973833657234814,59,0,Siaga
Mahasiswa4314,3.5005344744846085,45,0,Siaga
Mahasiswa4315,3.883760998418474,53,1,Bermasalah
Mahasiswa4316,0.7086140928905023,73,1,Bermasalah
Mahasiswa4317,2.888264256815141,94,1,Siaga
Mahasiswa4318,0.16114207511199385,36,1,Bermasalah
Mahasiswa4319,1.6216913005566198,22,0,Siaga
Mahasiswa4320,2.065133196790696,26,0,Siaga
Mahasiswa4321,2.3225809036385363,69,0,Siaga
Mahasiswa4322,3.743748992994238,89,1,Aman
Mahasiswa4323,2.6890027491767787,65,0,Aman
Mahasiswa4324,1.925111804876948,60,0,Siaga
Mahasiswa4325,3.2387001450635573,76,1,Aman
Mahasiswa4326,3.8021312838176358,50,1,Bermasalah
Mahasiswa4327,0.08826459472916337,49,0,Siaga
Mahasiswa4328,3.9300850890241548,18,1,Bermasalah
Mahasiswa4329,0.34452855625472134,0,1,Bermasalah
Mahasiswa4330,3.2575471170750454,39,1,Bermasalah
Mahasiswa4331,1.12133901020565,31,1,Bermasalah
Mahasiswa4332,0.528718631015487,21,0,Siaga
Mahasiswa4333,1.7594225588553396,92,0,Siaga
Mahasiswa4334,2.575826317790454,65,0,Aman
Mahasiswa4335,1.5238073800939,39,0,Siaga
Mahasiswa4336,0.21826163313079583,37,0,Siaga
Mahasiswa4337,2.3978445586348665,47,1,Bermasalah
Mahasiswa4338,3.609613104442699,54,0,Siaga
Mahasiswa4339,1.5328614637890068,74,0,Siaga
Mahasiswa4340,0.8653311105233081,80,1,Bermasalah
Mahasiswa4341,1.7703093837312616,54,1,Bermasalah
Mahasiswa4342,0.19345084419512348,50,1,Bermasalah
Mahasiswa4343,3.2819503379210992,59,0,Siaga
Mahasiswa4344,3.305363243800747,7,1,Bermasalah
Mahasiswa4345,2.3520018537185137,85,1,Bermasalah
Mahasiswa4346,1.412411555753558,67,1,Bermasalah
Mahasiswa4347,3.1991334577831334,74,0,Aman
Mahasiswa4348,2.2187480991534687,71,1,Bermasalah
Mahasiswa4349,3.303729234200065,8,1,Bermasalah
Mahasiswa4350,2.5258351703320825,89,0,Siaga
Mahasiswa4351,3.137621892851189,1,1,Bermasalah
Mahasiswa4352,2.39425197287104,79,0,Siaga
Mahasiswa4353,1.6565642728626648,94,0,Siaga
Mahasiswa4354,3.8317834397045503,69,1,Siaga
Mahasiswa4355,2.164455299515379,84,0,Siaga
Mahasiswa4356,2.4203580741621535,89,1,Bermasalah
Mahasiswa4357,0.881950557658997,58,1,Bermasalah
Mahasiswa4358,2.502603157709106,18,1,Bermasalah
Mahasiswa4359,2.2864305979317754,27,1,Bermasalah
Mahasiswa4360,0.7393535917880998,71,0,Siaga
Mahasiswa4361,0.23834838941257486,13,1,Bermasalah
Mahasiswa4362,2.4174372788590843,23,1,Bermasalah
Mahasiswa4363,3.054769077401282,43,1,Bermasalah
Mahasiswa4364,2.093605483688033,100,0,Siaga
Mahasiswa4365,0.9070905012785828,55,0,Siaga
Mahasiswa4366,2.6660879067721397,89,1,Siaga
Mahasiswa4367,0.320422906438409,94,0,Siaga
Mahasiswa4368,1.7673348192078184,50,0,Siaga
Mahasiswa4369,0.6534670335936807,31,1,Bermasalah
Mahasiswa4370,0.7378362042395334,49,1,Bermasalah
Mahasiswa4371,0.8091757966328146,40,1,Bermasalah
Mahasiswa4372,1.5468282281759116,65,1,Bermasalah
Mahasiswa4373,0.2046008224815905,24,1,Bermasalah
Mahasiswa4374,1.5911737637163927,60,0,Siaga
Mahasiswa4375,2.0468297884588034,65,1,Bermasalah
Mahasiswa4376,1.9331771398653008,41,1,Bermasalah
Mahasiswa4377,1.5311364016121622,64,1,Bermasalah
Mahasiswa4378,3.35658643228301,35,1,Bermasalah
Mahasiswa4379,0.5813067696820164,75,1,Bermasalah
Mahasiswa4380,2.022786975125496,8,0,Siaga
Mahasiswa4381,0.24816566782621718,35,1,Bermasalah
Mahasiswa4382,0.284622715511639,91,0,Siaga
Mahasiswa4383,2.2954633987083852,37,1,Bermasalah
Mahasiswa4384,2.264073699551284,32,1,Bermasalah
Mahasiswa4385,3.512134051377828,41,1,Bermasalah
Mahasiswa4386,2.2314947026402927,60,0,Siaga
Mahasiswa4387,3.839164081619401,45,1,Bermasalah
Mahasiswa4388,0.19477939359971908,85,1,Bermasalah
Mahasiswa4389,0.39203073912296427,88,1,Bermasalah
Mahasiswa4390,0.17626344628152557,60,1,Bermasalah
Mahasiswa4391,0.7411074013341601,17,1,Bermasalah
Mahasiswa4392,2.1650804437667124,69,1,Bermasalah
Mahasiswa4393,2.582288725709712,81,1,Siaga
Mahasiswa4394,0.1823406317946752,79,0,Siaga
Mahasiswa4395,3.783883559382397,14,1,Bermasalah
Mahasiswa4396,3.368661506601524,47,1,Bermasalah
Mahasiswa4397,1.1864499286283725,71,1,Bermasalah
Mahasiswa4398,0.30875012090587184,12,0,Siaga
Mahasiswa4399,0.6795482928762291,42,0,Siaga
Mahasiswa4400,0.5077776550198907,59,1,Bermasalah
Mahasiswa4401,0.4931351171957874,56,0,Siaga
Mahasiswa4402,2.0742467546629357,70,1,Bermasalah
Mahasiswa4403,0.9833897699736012,16,1,Bermasalah
Mahasiswa4404,1.4325588661165778,49,0,Siaga
Mahasiswa4405,3.95802133353729,31,1,Bermasalah
Mahasiswa4406,2.737256995701379,21,0,Siaga
Mahasiswa4407,3.7959226681880054,54,0,Siaga
Mahasiswa4408,0.5702262201324624,56,0,Siaga
Mahasiswa4409,1.528557899330277,12,1,Bermasalah
Mahasiswa4410,2.218927213129417,46,1,Bermasalah
Mahasiswa4411,0.30703224755495206,86,1,Bermasalah
Mahasiswa4412,0.01674977451183146,61,1,Bermasalah
Mahasiswa4413,2.68173733518767,53,1,Bermasalah
Mahasiswa4414,2.5672780672057414,28,1,Bermasalah
Mahasiswa4415,1.643155239998447,21,1,Bermasalah
Mahasiswa4416,1.9585763041281306,64,0,Siaga
Mahasiswa4417,1.6617720023683584,28,1,Bermasalah
Mahasiswa4418,0.09602017937955543,47,1,Bermasalah
Mahasiswa4419,1.3414864248698497,4,1,Bermasalah
Mahasiswa4420,0.7083290215891593,34,0,Siaga
Mahasiswa4421,0.39369675640547497,73,0,Siaga
Mahasiswa4422,3.826881735557399,82,0,Aman
Mahasiswa4423,2.3974389001686625,100,1,Bermasalah
Mahasiswa4424,2.9146251369464107,70,0,Siaga
Mahasiswa4425,1.26145497306447,45,0,Siaga
Mahasiswa4426,1.5725885179760608,34,1,Bermasalah
Mahasiswa4427,0.9476959755868939,44,1,Bermasalah
Mahasiswa4428,0.387862683861699,12,1,Bermasalah
Mahasiswa4429,0.7161265497663352,9,0,Siaga
Mahasiswa4430,3.1900561811859434,65,1,Siaga
Mahasiswa4431,2.7101832207351033,69,1,Siaga
Mahasiswa4432,2.1877155039419076,71,1,Bermasalah
Mahasiswa4433,1.9003594914670723,99,1,Bermasalah
Mahasiswa4434,3.689737134624498,24,1,Bermasalah
Mahasiswa4435,0.2909397911146736,43,1,Bermasalah
Mahasiswa4436,1.1224032529516639,59,0,Siaga
Mahasiswa4437,1.3997514142828562,46,1,Bermasalah
Mahasiswa4438,3.1297032488511514,39,0,Siaga
Mahasiswa4439,3.9700584806478854,6,0,Siaga
Mahasiswa4440,0.9626820590286123,45,1,Bermasalah
Mahasiswa4441,3.4972293365483225,22,0,Siaga
Mahasiswa4442,3.322491041727165,82,0,Aman
Mahasiswa4443,0.8986295905670665,45,0,Siaga
Mahasiswa4444,1.5973303207968903,85,1,Bermasalah
Mahasiswa4445,1.6386914771700765,12,0,Siaga
Mahasiswa4446,3.9128826741062332,20,0,Siaga
Mahasiswa4447,0.7235676055155933,0,0,Siaga
Mahasiswa4448,3.196631884419128,18,0,Siaga
Mahasiswa4449,1.3367708566924397,59,1,Bermasalah
Mahasiswa4450,2.9234813831046416,32,1,Bermasalah
Mahasiswa4451,1.6800440171826514,3,0,Siaga
Mahasiswa4452,2.31343905246616,2,1,Bermasalah
Mahasiswa4453,3.3304470933045245,90,1,Aman
Mahasiswa4454,3.2166622599355366,51,0,Siaga
Mahasiswa4455,3.4656927341588006,98,1,Aman
Mahasiswa4456,0.2384693013786361,27,1,Bermasalah
Mahasiswa4457,2.7682022121589793,69,0,Aman
Mahasiswa4458,0.5599495068870515,69,0,Siaga
Mahasiswa4459,1.663274272073644,54,1,Bermasalah
Mahasiswa4460,2.194353660218754,56,1,Bermasalah
Mahasiswa4461,1.610957938987323,86,1,Bermasalah
Mahasiswa4462,2.07844670321203,96,1,Bermasalah
Mahasiswa4463,3.9861052351944766,15,0,Siaga
Mahasiswa4464,0.5408692548514189,23,0,Siaga
Mahasiswa4465,2.7018241813457022,68,0,Aman
Mahasiswa4466,1.5840038655424609,40,0,Siaga
Mahasiswa4467,0.5320391956293151,76,0,Siaga
Mahasiswa4468,0.6349470534972381,46,1,Bermasalah
Mahasiswa4469,3.7970924249824676,75,1,Aman
Mahasiswa4470,3.518405986847048,68,0,Siaga
Mahasiswa4471,3.6281678416600873,100,0,Aman
Mahasiswa4472,3.966131103309546,30,0,Siaga
Mahasiswa4473,0.8332615600340718,91,1,Bermasalah
Mahasiswa4474,1.421757349456247,91,1,Bermasalah
Mahasiswa4475,2.676876119699467,29,1,Bermasalah
Mahasiswa4476,1.935210159442589,17,0,Siaga
Mahasiswa4477,1.673558133513334,43,0,Siaga
Mahasiswa4478,1.4312449973423722,26,0,Siaga
Mahasiswa4479,2.375122527773809,98,0,Siaga
Mahasiswa4480,2.302373714560328,25,0,Siaga
Mahasiswa4481,0.6458313362569603,59,1,Bermasalah
Mahasiswa4482,1.8869593500737563,17,0,Siaga
Mahasiswa4483,2.2138871048393995,96,1,Bermasalah
Mahasiswa4484,2.281147754925562,88,1,Bermasalah
Mahasiswa4485,0.8404287716494072,55,1,Bermasalah
Mahasiswa4486,2.969085569009147,30,1,Bermasalah
Mahasiswa4487,0.10079637928427854,100,1,Bermasalah
Mahasiswa4488,1.4193274221726506,58,0,Siaga
Mahasiswa4489,3.120850594142534,1,0,Siaga
Mahasiswa4490,2.2555716842216094,96,0,Siaga
Mahasiswa4491,1.044649730043441,38,1,Bermasalah
Mahasiswa4492,2.779812477372191,60,1,Siaga
Mahasiswa4493,2.2695637766242935,62,1,Bermasalah
Mahasiswa4494,3.1849744378255487,95,1,Aman
Mahasiswa4495,2.9401007447592935,17,1,Bermasalah
Mahasiswa4496,2.4404316881449386,16,1,Bermasalah
Mahasiswa4497,1.952710701243256,97,0,Siaga
Mahasiswa4498,0.5327285026700936,38,1,Bermasalah
Mahasiswa4499,1.045332071541535,70,1,Bermasalah
Mahasiswa4500,1.676397891668341,53,0,Siaga
Mahasiswa4501,2.3971971480255547,98,1,Bermasalah
Mahasiswa4502,2.0548314208612193,93,0,Siaga
Mahasiswa4503,1.152738103838118,75,0,Siaga
Mahasiswa4504,0.025857431158842203,34,0,Siaga
Mahasiswa4505,1.9849568876032557,10,1,Bermasalah
Mahasiswa4506,1.1425039542489723,60,0,Siaga
Mahasiswa4507,2.9384332028421403,43,0,Siaga
Mahasiswa4508,0.09578506108193396,67,1,Bermasalah
Mahasiswa4509,2.3393112452231635,24,0,Siaga
Mahasiswa4510,3.7658969500242616,47,1,Bermasalah
Mahasiswa4511,0.697637068445998,31,1,Bermasalah
Mahasiswa4512,1.8865979630023815,83,0,Siaga
Mahasiswa4513,0.3656879672685527,94,1,Bermasalah
Mahasiswa4514,2.5027276490454105,3,1,Bermasalah
Mahasiswa4515,2.2021267223849024,37,0,Siaga
Mahasiswa4516,1.6294620968513294,62,0,Siaga
Mahasiswa4517,2.085508085894965,46,0,Siaga
Mahasiswa4518,3.5862986338760408,0,0,Siaga
Mahasiswa4519,0.7851772092442681,2,1,Bermasalah
Mahasiswa4520,0.09025804682138894,100,0,Siaga
Mahasiswa4521,3.446659538796404,85,0,Aman
Mahasiswa4522,2.308468329551626,61,0,Siaga
Mahasiswa4523,3.5626338218473697,63,1,Siaga
Mahasiswa4524,2.3877808936526903,16,1,Bermasalah
Mahasiswa4525,3.24064435983881,77,1,Aman
Mahasiswa4526,1.7186934534205918,61,1,Bermasalah
Mahasiswa4527,2.999439725153075,34,1,Bermasalah
Mahasiswa4528,3.652165867559424,12,0,Siaga
Mahasiswa4529,2.288491854888825,34,1,Bermasalah
Mahasiswa4530,0.7231406022495181,42,1,Bermasalah
Mahasiswa4531,1.0751904601207927,1,1,Bermasalah
Mahasiswa4532,0.7945783075896231,55,0,Siaga
Mahasiswa4533,0.9874281103829317,76,0,Siaga
Mahasiswa4534,1.2256617974041455,50,1,Bermasalah
Mahasiswa4535,2.220535147012754,53,0,Siaga
Mahasiswa4536,2.351966517855331,15,1,Bermasalah
Mahasiswa4537,1.7059989889674445,17,0,Siaga
Mahasiswa4538,2.4616831192833417,6,0,Siaga
Mahasiswa4539,0.3262997024454637,44,1,Bermasalah
Mahasiswa4540,0.35115294823263987,35,0,Siaga
Mahasiswa4541,0.6873178414306338,40,1,Bermasalah
Mahasiswa4542,2.072309992161379,93,1,Bermasalah
Mahasiswa4543,0.8559787147932543,41,1,Bermasalah
Mahasiswa4544,1.1331376139703093,6,0,Siaga
Mahasiswa4545,1.6012513446919763,14,0,Siaga
Mahasiswa4546,3.2474644960415193,59,1,Siaga
Mahasiswa4547,0.055448543651440474,39,1,Bermasalah
Mahasiswa4548,2.5975152809464896,82,0,Siaga
Mahasiswa4549,2.6755061241627414,36,1,Bermasalah
Mahasiswa4550,3.194623121426546,65,0,Siaga
Mahasiswa4551,3.731011756241253,54,0,Siaga
Mahasiswa4552,0.08055139579715931,76,0,Siaga
Mahasiswa4553,0.6151348220528647,94,1,Bermasalah
Mahasiswa4554,3.544685176223972,79,1,Aman
Mahasiswa4555,1.8340742487480615,55,0,Siaga
Mahasiswa4556,2.258362555733854,43,1,Bermasalah
Mahasiswa4557,2.6521088148925895,56,1,Siaga
Mahasiswa4558,2.7162664179825495,5,0,Siaga
Mahasiswa4559,3.726961613266033,91,0,Aman
Mahasiswa4560,3.9877976696466786,31,1,Bermasalah
Mahasiswa4561,2.880629843723761,73,0,Siaga
Mahasiswa4562,1.1488848368206033,17,1,Bermasalah
Mahasiswa4563,3.5190096091773744,67,0,Siaga
Mahasiswa4564,0.19688365816304643,72,0,Siaga
Mahasiswa4565,0.9243234114979848,6,1,Bermasalah
Mahasiswa4566,3.5895428698548595,7,1,Bermasalah
Mahasiswa4567,1.0247660577574198,63,1,Bermasalah
Mahasiswa4568,0.8826042384869939,6,1,Bermasalah
Mahasiswa4569,0.552501172560989,40,1,Bermasalah
Mahasiswa4570,3.436447030587666,39,0,Siaga
Mahasiswa4571,2.000233036764347,2,0,Siaga
Mahasiswa4572,2.699572812216619,16,1,Bermasalah
Mahasiswa4573,0.9562655363001187,65,0,Siaga
Mahasiswa4574,3.032161684044866,78,1,Aman
Mahasiswa4575,3.040022179848394,92,0,Aman
Mahasiswa4576,1.2503920996332005,51,0,Siaga
Mahasiswa4577,1.6427305320411314,21,1,Bermasalah
Mahasiswa4578,0.8387611097208034,3,1,Bermasalah
Mahasiswa4579,3.906244093291617,5,1,Bermasalah
Mahasiswa4580,2.5824103082336465,37,0,Siaga
Mahasiswa4581,3.738175522862062,25,1,Bermasalah
Mahasiswa4582,1.2135421745165327,10,1,Bermasalah
Mahasiswa4583,3.127563651987559,89,1,Aman
Mahasiswa4584,3.063434575538968,16,1,Bermasalah
Mahasiswa4585,2.766622607466166,87,1,Siaga
Mahasiswa4586,3.8625559010672017,91,1,Aman
Mahasiswa4587,1.5742213444252622,98,0,Siaga
Mahasiswa4588,0.5228692943590292,30,0,Siaga
Mahasiswa4589,2.686835436976243,76,0,Siaga
Mahasiswa4590,2.9172392019088247,34,0,Siaga
Mahasiswa4591,2.3002422938352587,15,1,Bermasalah
Mahasiswa4592,0.8272715725335851,78,1,Bermasalah
Mahasiswa4593,2.0178237666774215,17,0,Siaga
Mahasiswa4594,1.2487589462765176,100,0,Siaga
Mahasiswa4595,1.7098661126667563,61,0,Siaga
Mahasiswa4596,2.5808743033786556,26,1,Bermasalah
Mahasiswa4597,2.980858970763338,34,1,Bermasalah
Mahasiswa4598,0.9288987636053725,44,1,Bermasalah
Mahasiswa4599,1.6213014425878134,34,0,Siaga
Mahasiswa4600,1.0766462839665167,27,0,Siaga
Mahasiswa4601,0.7945264554474765,8,0,Siaga
Mahasiswa4602,3.1335488799833535,75,0,Aman
Mahasiswa4603,3.6370107777479697,14,0,Siaga
Mahasiswa4604,1.4809287427383069,20,1,Bermasalah
Mahasiswa4605,3.0051156974950675,51,1,Bermasalah
Mahasiswa4606,3.5879811574576443,34,1,Bermasalah
Mahasiswa4607,3.3844968421209263,96,1,Aman
Mahasiswa4608,0.7312535541569036,50,1,Bermasalah
Mahasiswa4609,3.8251675260534452,82,0,Aman
Mahasiswa4610,1.5067057617178499,54,1,Bermasalah
Mahasiswa4611,1.3569626446953453,86,0,Siaga
Mahasiswa4612,0.24972530911112134,76,1,Bermasalah
Mahasiswa4613,1.944694616419532,43,0,Siaga
Mahasiswa4614,0.43605446256371483,64,0,Siaga
Mahasiswa4615,0.994159283709704,92,0,Siaga
Mahasiswa4616,1.2677704870691255,87,0,Siaga
Mahasiswa4617,3.235305293966736,79,0,Aman
Mahasiswa4618,3.501954601583586,24,0,Siaga
Mahasiswa4619,1.2098652698458787,86,1,Bermasalah
Mahasiswa4620,3.4347924849782956,91,0,Aman
Mahasiswa4621,3.4289237494791642,46,0,Siaga
Mahasiswa4622,3.058603801539494,79,1,Aman
Mahasiswa4623,0.5867804560607262,55,0,Siaga
Mahasiswa4624,2.761291387602916,37,1,Bermasalah
Mahasiswa4625,3.780096258322275,10,1,Bermasalah
Mahasiswa4626,2.7301619150686283,66,0,Aman
Mahasiswa4627,1.3264673964313358,14,0,Siaga
Mahasiswa4628,2.002317269723325,0,1,Bermasalah
Mahasiswa4629,2.5829001734042145,6,0,Siaga
Mahasiswa4630,2.0422816349140143,0,1,Bermasalah
Mahasiswa4631,0.4798117669238793,48,0,Siaga
Mahasiswa4632,1.2482561786080826,95,1,Bermasalah
Mahasiswa4633,3.20958412221453,72,0,Aman
Mahasiswa4634,3.4456721843820697,28,0,Siaga
Mahasiswa4635,0.5492001308622809,25,1,Bermasalah
Mahasiswa4636,3.8095470095948984,86,1,Aman
Mahasiswa4637,1.3152904713944373,44,1,Bermasalah
Mahasiswa4638,2.64925495492288,92,1,Siaga
Mahasiswa4639,3.0073005838267246,96,0,Aman
Mahasiswa4640,3.2477849385515336,70,1,Aman
Mahasiswa4641,3.7829988089037205,11,1,Bermasalah
Mahasiswa4642,1.2516781921152904,94,0,Siaga
Mahasiswa4643,3.434025818206218,31,0,Siaga
Mahasiswa4644,0.5267476137448281,19,1,Bermasalah
Mahasiswa4645,2.820163625414371,50,0,Siaga
Mahasiswa4646,2.9679109180559435,80,1,Siaga
Mahasiswa4647,2.7108929648052817,35,0,Siaga
Mahasiswa4648,1.009258944540612,66,1,Bermasalah
Mahasiswa4649,3.4921725880608134,0,0,Siaga
Mahasiswa4650,0.67543385348158,26,1,Bermasalah
Mahasiswa4651,0.21453916608332335,39,1,Bermasalah
Mahasiswa4652,2.8698599624476486,96,0,Siaga
Mahasiswa4653,1.9019028609309347,83,0,Siaga
Mahasiswa4654,3.3963920798347043,13,1,Bermasalah
Mahasiswa4655,1.5335885642330358,99,1,Bermasalah
Mahasiswa4656,0.6731143540308513,68,0,Siaga
Mahasiswa4657,3.345768769879479,86,0,Aman
Mahasiswa4658,2.1956385265602867,78,0,Siaga
Mahasiswa4659,0.7567831695614196,5,0,Siaga
Mahasiswa4660,2.881535994345783,32,0,Siaga
Mahasiswa4661,2.044454553958002,54,0,Siaga
Mahasiswa4662,2.4172519289612793,18,0,Siaga
Mahasiswa4663,1.8435933528263275,76,0,Siaga
Mahasiswa4664,3.3148359352720256,28,0,Siaga
Mahasiswa4665,3.3182508627321994,60,1,Siaga
Mahasiswa4666,2.837555287297545,69,0,Aman
Mahasiswa4667,0.4216055095858491,78,0,Siaga
Mahasiswa4668,3.3554154476162754,79,1,Aman
Mahasiswa4669,2.6840519221316392,23,1,Bermasalah
Mahasiswa4670,2.788096664017198,22,1,Bermasalah
Mahasiswa4671,1.4519313616154865,9,1,Bermasalah
Mahasiswa4672,3.517118224628027,53,1,Bermasalah
Mahasiswa4673,2.90148640093943,40,1,Bermasalah
Mahasiswa4674,0.45036186611677786,48,0,Siaga
Mahasiswa4675,1.6311121376246507,16,1,Bermasalah
Mahasiswa4676,3.5455214478405668,55,1,Siaga
Mahasiswa4677,0.18878680678951598,44,1,Bermasalah
Mahasiswa4678,3.845666478568198,29,0,Siaga
Mahasiswa4679,2.716650273278251,43,1,Bermasalah
Mahasiswa4680,2.5255039105735064,73,0,Siaga
Mahasiswa4681,1.0822370259519656,54,1,Bermasalah
Mahasiswa4682,0.9951671549567083,18,1,Bermasalah
Mahasiswa4683,3.768232877954382,28,0,Siaga
Mahasiswa4684,1.193089816936491,1,0,Siaga
Mahasiswa4685,3.1020211868759975,35,1,Bermasalah
Mahasiswa4686,1.5724871928283166,18,0,Siaga
Mahasiswa4687,0.5570162831388159,6,0,Siaga
Mahasiswa4688,0.0428611907814358,25,1,Bermasalah
Mahasiswa4689,2.1770293480610032,78,1,Bermasalah
Mahasiswa4690,3.9031152741957307,37,1,Bermasalah
Mahasiswa4691,1.476544775236818,2,0,Siaga
Mahasiswa4692,1.4287693359721794,79,1,Bermasalah
Mahasiswa4693,1.3763664713977684,65,1,Bermasalah
Mahasiswa4694,2.0821753492194337,94,0,Siaga
Mahasiswa4695,1.7626595336971742,91,0,Siaga
Mahasiswa4696,3.519658506908058,70,1,Aman
Mahasiswa4697,2.022083166893961,93,0,Siaga
Mahasiswa4698,2.031031352754275,42,1,Bermasalah
Mahasiswa4699,0.5534863788822264,61,0,Siaga
Mahasiswa4700,3.930958163641544,70,1,Aman
Mahasiswa4701,0.9998915634753187,99,0,Siaga
Mahasiswa4702,0.29345626983841067,92,0,Siaga
Mahasiswa4703,2.652584995900835,23,0,Siaga
Mahasiswa4704,2.3814654806274906,38,0,Siaga
Mahasiswa4705,1.660582615970983,67,1,Bermasalah
Mahasiswa4706,1.6887689355227122,92,0,Siaga
Mahasiswa4707,3.1402556841857248,43,1,Bermasalah
Mahasiswa4708,0.7828505603985962,4,0,Siaga
Mahasiswa4709,3.281013275779559,54,0,Siaga
Mahasiswa4710,2.5949884555800726,92,1,Siaga
Mahasiswa4711,1.6758790951180975,29,0,Siaga
Mahasiswa4712,1.8321144663354745,28,0,Siaga
Mahasiswa4713,1.0265888287443832,25,1,Bermasalah
Mahasiswa4714,3.0084573307878992,82,0,Aman
Mahasiswa4715,2.051498969221071,25,1,Bermasalah
Mahasiswa4716,1.2834181709993744,36,0,Siaga
Mahasiswa4717,2.384200463043801,90,0,Siaga
Mahasiswa4718,3.982937808205292,93,0,Aman
Mahasiswa4719,1.7410491186262154,52,1,Bermasalah
Mahasiswa4720,3.682765603114478,29,0,Siaga
Mahasiswa4721,1.3800673596982644,2,0,Siaga
Mahasiswa4722,0.21893082769994354,42,0,Siaga
Mahasiswa4723,0.8169684254737155,6,0,Siaga
Mahasiswa4724,1.6747805733107368,48,0,Siaga
Mahasiswa4725,0.878539714378276,72,0,Siaga
Mahasiswa4726,0.00090815287302215,40,0,Siaga
Mahasiswa4727,3.660006150990109,76,0,Aman
Mahasiswa4728,3.375517644923716,78,0,Aman
Mahasiswa4729,2.9691689259477885,53,1,Bermasalah
Mahasiswa4730,0.6712583825841145,68,0,Siaga
Mahasiswa4731,0.4814543048399442,92,1,Bermasalah
Mahasiswa4732,0.2704189978895326,98,1,Bermasalah
Mahasiswa4733,2.896116755091685,90,1,Siaga
Mahasiswa4734,3.715231842751541,26,0,Siaga
Mahasiswa4735,1.722143283652148,7,1,Bermasalah
Mahasiswa4736,0.47656268798419266,31,1,Bermasalah
Mahasiswa4737,2.0495712829284263,83,1,Bermasalah
Mahasiswa4738,1.3953276298345205,63,0,Siaga
Mahasiswa4739,1.4992996973999908,9,1,Bermasalah
Mahasiswa4740,2.485322496622829,12,0,Siaga
Mahasiswa4741,2.8748724530488095,62,1,Siaga
Mahasiswa4742,0.4424143954926434,92,1,Bermasalah
Mahasiswa4743,0.14236092322590554,34,0,Siaga
Mahasiswa4744,3.9773212107428595,60,0,Siaga
Mahasiswa4745,0.9309133956622073,53,1,Bermasalah
Mahasiswa4746,0.2153220996338363,7,1,Bermasalah
Mahasiswa4747,0.7595013163836799,28,1,Bermasalah
Mahasiswa4748,0.15583138539385688,94,0,Siaga
Mahasiswa4749,1.5672435784686867,40,0,Siaga
Mahasiswa4750,3.209607137805297,29,1,Bermasalah
Mahasiswa4751,1.3649777990308825,85,1,Bermasalah
Mahasiswa4752,1.7767336275134662,20,0,Siaga
Mahasiswa4753,2.702347094269755,75,0,Siaga
Mahasiswa4754,2.0355762802795208,10,1,Bermasalah
Mahasiswa4755,3.445782744085297,1,0,Siaga
Mahasiswa4756,3.464142700183026,49,1,Bermasalah
Mahasiswa4757,0.03964278196461457,40,0,Siaga
Mahasiswa4758,3.1121852259327967,65,1,Siaga
Mahasiswa4759,1.8429344009666955,97,1,Bermasalah
Mahasiswa4760,3.9553621652146522,2,1,Bermasalah
Mahasiswa4761,1.9329283035017406,79,0,Siaga
Mahasiswa4762,3.94758378155319,50,1,Bermasalah
Mahasiswa4763,3.0182774448229464,67,1,Siaga
Mahasiswa4764,0.9944195384532253,86,0,Siaga
Mahasiswa4765,2.1535799171478307,83,1,Bermasalah
Mahasiswa4766,3.968542557914331,24,1,Bermasalah
Mahasiswa4767,3.4301224310076948,29,1,Bermasalah
Mahasiswa4768,0.3894675751648844,81,0,Siaga
Mahasiswa4769,2.8254879872399843,10,0,Siaga
Mahasiswa4770,1.3823183434832522,92,0,Siaga
Mahasiswa4771,0.02792904752139247,16,0,Siaga
Mahasiswa4772,1.6139238761079984,25,1,Bermasalah
Mahasiswa4773,0.9390176868998852,22,0,Siaga
Mahasiswa4774,3.275477082081886,55,0,Siaga
Mahasiswa4775,1.349322435383062,51,0,Siaga
Mahasiswa4776,3.3100947758152683,47,1,Bermasalah
Mahasiswa4777,0.002391755339181234,19,1,Bermasalah
Mahasiswa4778,1.2312766001044766,1,1,Bermasalah
Mahasiswa4779,0.9646608572310478,87,0,Siaga
Mahasiswa4780,0.9342694442744439,30,1,Bermasalah
Mahasiswa4781,0.2727464790618508,26,1,Bermasalah
Mahasiswa4782,0.7484970816420069,1,0,Siaga
Mahasiswa4783,2.2221982795424795,77,1,Bermasalah
Mahasiswa4784,1.165444291350978,3,0,Siaga
Mahasiswa4785,1.6695791293165918,12,0,Siaga
Mahasiswa4786,1.507467521388754,99,1,Bermasalah
Mahasiswa4787,3.5036196999995783,34,0,Siaga
Mahasiswa4788,3.621195996042062,71,0,Aman
Mahasiswa4789,1.9718278866234402,65,0,Siaga
Mahasiswa4790,1.3206238012624176,5,0,Siaga
Mahasiswa4791,0.42720281600945453,30,0,Siaga
Mahasiswa4792,3.81361151752838,9,0,Siaga
Mahasiswa4793,0.2409077796011898,20,1,Bermasalah
Mahasiswa4794,1.1906011102731218,73,0,Siaga
Mahasiswa4795,1.1922648046800166,22,0,Siaga
Mahasiswa4796,1.2816051445608596,2,0,Siaga
Mahasiswa4797,0.6571473730896371,31,0,Siaga
Mahasiswa4798,3.1326457236947887,19,1,Bermasalah
Mahasiswa4799,0.4899914478639569,73,1,Bermasalah
Mahasiswa4800,2.539626636612651,28,0,Siaga
Mahasiswa4801,0.49538410682326983,51,1,Bermasalah
Mahasiswa4802,0.28214255037182623,45,0,Siaga
Mahasiswa4803,3.637718014743506,33,0,Siaga
Mahasiswa4804,0.7605150652748227,100,0,Siaga
Mahasiswa4805,3.285000618238817,83,0,Aman
Mahasiswa4806,2.1785234844285433,60,1,Bermasalah
Mahasiswa4807,0.3114260784350784,71,1,Bermasalah
Mahasiswa4808,3.82179276575227,70,0,Aman
Mahasiswa4809,0.9878446679675701,69,0,Siaga
Mahasiswa4810,3.438581381410426,10,1,Bermasalah
Mahasiswa4811,0.6752400231382567,81,1,Bermasalah
Mahasiswa4812,3.4157715285674115,92,0,Aman
Mahasiswa4813,0.05291525162117594,88,1,Bermasalah
Mahasiswa4814,2.0471218262779227,62,0,Siaga
Mahasiswa4815,3.077770317686227,20,1,Bermasalah
Mahasiswa4816,3.7391820699711333,2,1,Bermasalah
Mahasiswa4817,3.636808544825948,81,1,Aman
Mahasiswa4818,3.2784994781905796,87,1,Aman
Mahasiswa4819,3.5527653986452163,9,0,Siaga
Mahasiswa4820,0.796878743348306,26,0,Siaga
Mahasiswa4821,1.136737182846915,11,1,Bermasalah
Mahasiswa4822,1.155874099684234,6,0,Siaga
Mahasiswa4823,1.5082157240067953,16,1,Bermasalah
Mahasiswa4824,1.5732826815407548,64,1,Bermasalah
Mahasiswa4825,2.178221298618702,63,0,Siaga
Mahasiswa4826,0.6395190534657655,25,0,Siaga
Mahasiswa4827,2.7649866551439573,14,0,Siaga
Mahasiswa4828,0.670266157218026,32,1,Bermasalah
Mahasiswa4829,1.2412339284181901,61,0,Siaga
Mahasiswa4830,2.013380522424616,100,0,Siaga
Mahasiswa4831,3.1857622460939092,46,0,Siaga
Mahasiswa4832,2.957876932954909,94,0,Siaga
Mahasiswa4833,2.582137425642089,34,1,Bermasalah
Mahasiswa4834,0.6230930423206806,64,1,Bermasalah
Mahasiswa4835,2.188181382462311,71,1,Bermasalah
Mahasiswa4836,0.3497860071995418,75,1,Bermasalah
Mahasiswa4837,1.509452707186603,82,1,Bermasalah
Mahasiswa4838,1.6540661211598366,24,1,Bermasalah
Mahasiswa4839,0.1592457577830153,56,1,Bermasalah
Mahasiswa4840,1.0959523978798873,31,0,Siaga
Mahasiswa4841,3.8225978690659574,62,1,Siaga
Mahasiswa4842,3.814530431318758,11,1,Bermasalah
Mahasiswa4843,1.4093082170101572,62,1,Bermasalah
Mahasiswa4844,0.17240043579329623,76,1,Bermasalah
Mahasiswa4845,0.7163797573127262,91,0,Siaga
Mahasiswa4846,1.5688711737341605,0,1,Bermasalah
Mahasiswa4847,3.791118791876919,50,1,Bermasalah
Mahasiswa4848,0.5647962541487397,69,0,Siaga
Mahasiswa4849,3.054063374672849,7,1,Bermasalah
Mahasiswa4850,0.4347301574987683,67,1,Bermasalah
Mahasiswa4851,3.9250303095651073,4,1,Bermasalah
Mahasiswa4852,1.52646599643654,88,1,Bermasalah
Mahasiswa4853,3.100938155596224,85,1,Aman
Mahasiswa4854,1.3703643312445273,91,1,Bermasalah
Mahasiswa4855,2.510675508635235,38,1,Bermasalah
Mahasiswa4856,0.7680643389601469,22,0,Siaga
Mahasiswa4857,0.5840840771878502,67,0,Siaga
Mahasiswa4858,3.752256558272525,51,1,Bermasalah
Mahasiswa4859,3.670589111617734,3,0,Siaga
Mahasiswa4860,3.5498757608515294,46,1,Bermasalah
Mahasiswa4861,2.501733800666374,20,0,Siaga
Mahasiswa4862,3.233072844865113,100,1,Aman
Mahasiswa4863,0.27614774764549965,55,0,Siaga
Mahasiswa4864,1.3391561675627166,65,1,Bermasalah
Mahasiswa4865,1.254812499028625,58,0,Siaga
Mahasiswa4866,2.542581287810453,6,0,Siaga
Mahasiswa4867,1.423831093882562,48,1,Bermasalah
Mahasiswa4868,0.5940271265747232,15,1,Bermasalah
Mahasiswa4869,2.385868301654175,16,0,Siaga
Mahasiswa4870,3.257535682676326,83,0,Aman
Mahasiswa4871,1.5284939778398927,86,1,Bermasalah
Mahasiswa4872,0.5290748603939268,97,0,Siaga
Mahasiswa4873,0.7867527892512922,74,1,Bermasalah
Mahasiswa4874,0.9499332206775359,33,0,Siaga
Mahasiswa4875,1.1995903719781449,32,0,Siaga
Mahasiswa4876,2.5711802820252365,25,1,Bermasalah
Mahasiswa4877,2.403781938150876,65,1,Bermasalah
Mahasiswa4878,2.7843194462681566,62,1,Siaga
Mahasiswa4879,1.4500079381260527,86,0,Siaga
Mahasiswa4880,3.2959906075199132,40,0,Siaga
Mahasiswa4881,0.8163506446230411,85,0,Siaga
Mahasiswa4882,1.8761629900726158,57,1,Bermasalah
Mahasiswa4883,3.2037548861657212,97,0,Aman
Mahasiswa4884,0.720634590930477,78,0,Siaga
Mahasiswa4885,0.4394524549631318,9,1,Bermasalah
Mahasiswa4886,3.534735870751959,14,0,Siaga
Mahasiswa4887,1.3717186510367836,41,0,Siaga
Mahasiswa4888,2.735480499636128,92,1,Siaga
Mahasiswa4889,0.10139441705575392,56,1,Bermasalah
Mahasiswa4890,2.7601875536377984,86,1,Siaga
Mahasiswa4891,1.264405246187882,16,1,Bermasalah
Mahasiswa4892,0.22296341434976696,59,1,Bermasalah
Mahasiswa4893,2.439251046192468,8,1,Bermasalah
Mahasiswa4894,0.963215264292693,35,1,Bermasalah
Mahasiswa4895,1.54722896820752,72,1,Bermasalah
Mahasiswa4896,0.32232324914605437,79,1,Bermasalah
Mahasiswa4897,0.5886530043797813,35,0,Siaga
Mahasiswa4898,1.191908941983375,47,1,Bermasalah
Mahasiswa4899,0.35903800224062854,50,1,Bermasalah
Mahasiswa4900,3.643305058745261,96,0,Aman
Mahasiswa4901,0.02418817273591367,94,1,Bermasalah
Mahasiswa4902,1.9354408754572456,69,0,Siaga
Mahasiswa4903,0.4929898325302058,73,0,Siaga
Mahasiswa4904,1.2307163579117941,79,1,Bermasalah
Mahasiswa4905,3.704238239273062,67,0,Siaga
Mahasiswa4906,0.6467782130959474,21,1,Bermasalah
Mahasiswa4907,3.8633292788733304,76,1,Aman
Mahasiswa4908,0.8231775079576868,79,0,Siaga
Mahasiswa4909,2.9662644338673183,92,0,Siaga
Mahasiswa4910,2.186709059589247,5,0,Siaga
Mahasiswa4911,3.5379149103870366,25,1,Bermasalah
Mahasiswa4912,2.2159730220125238,74,1,Bermasalah
Mahasiswa4913,2.1382368766252347,87,0,Siaga
Mahasiswa4914,0.7818320014735995,92,1,Bermasalah
Mahasiswa4915,0.6649174482066349,2,1,Bermasalah
Mahasiswa4916,3.665956604462057,51,0,Siaga
Mahasiswa4917,1.3113527954001363,73,0,Siaga
Mahasiswa4918,1.4883290198515837,59,0,Siaga
Mahasiswa4919,3.0392946337135536,62,0,Siaga
Mahasiswa4920,1.3552939296912294,64,0,Siaga
Mahasiswa4921,3.808249786556011,51,0,Siaga
Mahasiswa4922,2.951711075995201,89,0,Siaga
Mahasiswa4923,2.38971697029368,75,0,Siaga
Mahasiswa4924,3.52358064217901,13,0,Siaga
Mahasiswa4925,0.198423633397931,88,0,Siaga
Mahasiswa4926,1.028250768756835,71,1,Bermasalah
Mahasiswa4927,1.8601453368836398,67,1,Bermasalah
Mahasiswa4928,0.9079141578860841,27,0,Siaga
Mahasiswa4929,2.9756207492086078,70,1,Siaga
Mahasiswa4930,3.6768321242149007,9,1,Bermasalah
Mahasiswa4931,1.6950804797236936,56,1,Bermasalah
Mahasiswa4932,1.3685304004475798,99,1,Bermasalah
Mahasiswa4933,3.846202928550265,65,1,Siaga
Mahasiswa4934,1.7794097313101633,89,1,Bermasalah
Mahasiswa4935,1.9561936017971329,49,0,Siaga
Mahasiswa4936,1.4065994893676215,13,0,Siaga
Mahasiswa4937,3.6381938920485535,15,1,Bermasalah
Mahasiswa4938,2.275821933127403,53,1,Bermasalah
Mahasiswa4939,3.0486983487265786,42,0,Siaga
Mahasiswa4940,3.2472268734035454,41,1,Bermasalah
Mahasiswa4941,1.3673961676690327,80,1,Bermasalah
Mahasiswa4942,1.7347773252815202,21,1,Bermasalah
Mahasiswa4943,3.3938870976250586,67,1,Siaga
Mahasiswa4944,1.453021406703241,18,1,Bermasalah
Mahasiswa4945,3.175740533807405,65,0,Siaga
Mahasiswa4946,3.7639692902977484,38,0,Siaga
Mahasiswa4947,2.492841492272028,72,1,Bermasalah
Mahasiswa4948,2.9665091498075555,18,0,Siaga
Mahasiswa4949,3.2203892481645395,15,1,Bermasalah
Mahasiswa4950,3.38015859558657,53,1,Bermasalah
Mahasiswa4951,1.5802133514271839,24,1,Bermasalah
Mahasiswa4952,0.2050538367039927,17,1,Bermasalah
Mahasiswa4953,1.607505084946958,22,1,Bermasalah
Mahasiswa4954,2.695024919136359,84,1,Siaga
Mahasiswa4955,1.8014015431231711,10,1,Bermasalah
Mahasiswa4956,2.995852603441594,38,1,Bermasalah
Mahasiswa4957,1.4279297178746555,67,1,Bermasalah
Mahasiswa4958,2.538976564416118,24,0,Siaga
Mahasiswa4959,0.7456792194158983,62,1,Bermasalah
Mahasiswa4960,2.9974777465798277,95,0,Siaga
Mahasiswa4961,2.1827838752521034,29,0,Siaga
Mahasiswa4962,0.8162575541864023,44,1,Bermasalah
Mahasiswa4963,1.167644693991229,89,0,Siaga
Mahasiswa4964,2.9944348343273295,60,1,Siaga
Mahasiswa4965,1.9304049426460828,99,1,Bermasalah
Mahasiswa4966,0.8641257615722888,50,1,Bermasalah
Mahasiswa4967,3.8690847614811905,97,1,Aman
Mahasiswa4968,2.8605000792675517,8,0,Siaga
Mahasiswa4969,3.8285393301591846,75,0,Aman
Mahasiswa4970,1.7084201814413729,1,1,Bermasalah
Mahasiswa4971,1.9004013627668819,4,0,Siaga
Mahasiswa4972,3.5918208647400767,61,0,Siaga
Mahasiswa4973,2.1001973609815385,68,0,Siaga
Mahasiswa4974,2.8291156476226687,51,1,Bermasalah
Mahasiswa4975,1.0086915099821199,85,0,Siaga
Mahasiswa4976,1.7869058748105622,4,0,Siaga
Mahasiswa4977,0.49379946324142043,58,0,Siaga
Mahasiswa4978,0.8239201435078467,67,1,Bermasalah
Mahasiswa4979,0.003773661070524348,8,0,Siaga
Mahasiswa4980,0.15706020659464093,92,0,Siaga
Mahasiswa4981,3.909135292707717,21,1,Bermasalah
Mahasiswa4982,0.9694147805470492,26,0,Siaga
Mahasiswa4983,2.653242838016008,9,1,Bermasalah
Mahasiswa4984,3.356398795198446,79,1,Aman
Mahasiswa4985,2.202641836946257,60,1,Bermasalah
Mahasiswa4986,0.6125780003358248,50,1,Bermasalah
Mahasiswa4987,2.9124657493446655,9,1,Bermasalah
Mahasiswa4988,2.401005640398332,5,1,Bermasalah
Mahasiswa4989,2.9250023573895003,61,0,Aman
Mahasiswa4990,3.0789864914283487,4,1,Bermasalah
Mahasiswa4991,3.9016414707389804,69,0,Siaga
Mahasiswa4992,2.29425312010684,62,0,Siaga
Mahasiswa4993,1.3665644507624073,55,1,Bermasalah
Mahasiswa4994,2.5938582276009483,58,0,Aman
Mahasiswa4995,0.2737628369705045,62,0,Siaga
Mahasiswa4996,3.5895892732863453,88,0,Aman
Mahasiswa4997,0.47752404535278714,58,1,Bermasalah
Mahasiswa4998,1.311371351543273,50,0,Siaga
Mahasiswa4999,3.2629815225044836,49,0,Siaga
Mahasiswa5000,2.3892495133228473,3,1,Bermasalah
